time_s,cell_voltage_V,pack_current_A,pump_current_A,ambient_temperature_C,surface_left_true_C,surface_left_sensor_C,surface_right_C,cell_mean_temperature_C,anomaly_coolant_pump_failure,anomaly_single_cell_thermal_runaway,anomaly_temperature_sensor_bias,anomaly_labels
0.0,3.9200,-40.0000,2.1000,24.5000,27.9609,27.9609,28.0001,28.0000,0,0,0,normal
0.1,3.9199,-39.9917,2.1000,24.5003,27.9996,27.9996,28.0210,28.0000,0,0,0,normal
0.2,3.9198,-39.9833,2.1000,24.5007,28.0588,28.0588,28.0941,28.0000,0,0,0,normal
0.3,3.9196,-39.9750,2.1000,24.5010,27.8856,27.8856,28.0494,28.0000,0,0,0,normal
0.4,3.9195,-39.9668,2.1000,24.5014,27.9189,27.9189,27.9264,28.0000,0,0,0,normal
0.5,3.9194,-39.9585,2.1000,24.5017,27.9788,27.9788,28.0847,28.0000,0,0,0,normal
0.6,3.9193,-39.9503,2.1000,24.5021,28.1047,28.1047,28.0801,28.0000,0,0,0,normal
0.7,3.9192,-39.9422,2.1000,24.5024,27.9726,27.9726,27.9732,28.0000,0,0,0,normal
0.8,3.9190,-39.9341,2.1000,24.5027,27.8409,27.8409,28.1018,28.0000,0,0,0,normal
0.9,3.9189,-39.9261,2.1000,24.5031,27.8627,27.8627,28.0134,28.0000,0,0,0,normal
1.0,3.9188,-39.9182,2.1000,24.5034,27.9495,27.9495,28.0970,28.0000,0,0,0,normal
1.1,3.9187,-39.9104,2.1000,24.5038,27.8612,27.8612,27.9650,28.0000,0,0,0,normal
1.2,3.9186,-39.9026,2.1000,24.5041,27.9957,27.9957,28.0629,28.0000,0,0,0,normal
1.3,3.9184,-39.8950,2.1000,24.5045,28.0627,28.0627,28.0592,28.0000,0,0,0,normal
1.4,3.9183,-39.8875,2.1000,24.5048,27.8716,27.8716,28.0902,28.0000,0,0,0,normal
1.5,3.9182,-39.8801,2.1000,24.5051,28.0645,28.0645,27.9496,28.0000,0,0,0,normal
1.6,3.9181,-39.8729,2.1000,24.5055,27.9553,27.9553,27.9075,28.0000,0,0,0,normal
1.7,3.9180,-39.8658,2.1000,24.5058,27.9929,27.9929,28.0744,28.0000,0,0,0,normal
1.8,3.9178,-39.8588,2.1000,24.5062,27.8288,27.8288,28.0354,28.0000,0,0,0,normal
1.9,3.9177,-39.8520,2.1000,24.5065,28.1114,28.1114,28.0374,28.0000,0,0,0,normal
2.0,3.9176,-39.8454,2.1000,24.5069,28.0355,28.0355,27.9717,28.0000,0,0,0,normal
2.1,3.9175,-39.8389,2.1000,24.5072,27.9132,27.9132,27.9435,28.0000,0,0,0,normal
2.2,3.9174,-39.8327,2.1000,24.5075,28.0541,28.0541,27.9865,28.0000,0,0,0,normal
2.3,3.9172,-39.8266,2.1000,24.5079,28.0187,28.0187,28.0394,28.0000,0,0,0,normal
2.4,3.9171,-39.8207,2.1000,24.5082,27.9676,27.9676,27.9262,28.0000,0,0,0,normal
2.5,3.9170,-39.8150,2.1000,24.5086,28.0454,28.0454,27.9995,28.0000,0,0,0,normal
2.6,3.9169,-39.8095,2.1000,24.5089,27.9791,27.9791,28.0229,28.0000,0,0,0,normal
2.7,3.9168,-39.8042,2.1000,24.5092,27.9197,27.9197,28.1181,28.0000,0,0,0,normal
2.8,3.9166,-39.7991,2.1000,24.5096,27.9340,27.9340,28.0247,28.0000,0,0,0,normal
2.9,3.9165,-39.7943,2.1000,24.5099,27.9324,27.9324,27.9394,28.0000,0,0,0,normal
3.0,3.9164,-39.7896,2.1000,24.5103,28.0684,28.0684,27.9243,28.0000,0,0,0,normal
3.1,3.9163,-39.7852,2.1000,24.5106,27.8993,27.8993,27.9220,28.0000,0,0,0,normal
3.2,3.9162,-39.7811,2.1000,24.5110,27.8868,27.8868,27.9843,28.0000,0,0,0,normal
3.3,3.9160,-39.7772,2.1000,24.5113,27.9371,27.9371,27.9940,28.0000,0,0,0,normal
3.4,3.9159,-39.7735,2.1000,24.5116,28.0026,28.0026,28.0190,28.0000,0,0,0,normal
3.5,3.9158,-39.7701,2.1000,24.5120,27.9125,27.9125,28.0544,28.0000,0,0,0,normal
3.6,3.9157,-39.7670,2.1000,24.5123,27.9753,27.9753,27.9330,28.0000,0,0,0,normal
3.7,3.9156,-39.7641,2.1000,24.5127,28.0100,28.0100,28.0075,28.0000,0,0,0,normal
3.8,3.9154,-39.7615,2.1000,24.5130,27.9408,27.9408,28.0381,28.0000,0,0,0,normal
3.9,3.9153,-39.7591,2.1000,24.5133,28.0102,28.0102,27.9250,28.0000,0,0,0,normal
4.0,3.9152,-39.7570,2.1000,24.5137,28.1309,28.1309,28.0103,28.0000,0,0,0,normal
4.1,3.9151,-39.7552,2.1000,24.5140,27.9088,27.9088,27.9499,28.0000,0,0,0,normal
4.2,3.9150,-39.7536,2.1000,24.5144,28.0184,28.0184,27.9779,28.0000,0,0,0,normal
4.3,3.9148,-39.7524,2.1000,24.5147,28.0815,28.0815,27.9476,28.0000,0,0,0,normal
4.4,3.9147,-39.7514,2.1000,24.5150,27.9369,27.9369,28.0360,28.0000,0,0,0,normal
4.5,3.9146,-39.7506,2.1000,24.5154,28.0138,28.0138,27.9527,28.0000,0,0,0,normal
4.6,3.9145,-39.7502,2.1000,24.5157,27.9759,27.9759,27.9685,28.0000,0,0,0,normal
4.7,3.9144,-39.7500,2.1000,24.5161,28.0422,28.0422,28.0120,28.0000,0,0,0,normal
4.8,3.9142,-39.7501,2.1000,24.5164,27.9229,27.9229,28.0265,28.0000,0,0,0,normal
4.9,3.9141,-39.7505,2.1000,24.5167,27.9665,27.9665,28.0039,28.0000,0,0,0,normal
5.0,3.9140,-39.7511,2.1000,24.5171,27.9189,27.9189,28.1536,28.0000,0,0,0,normal
5.1,3.9139,-39.7521,2.1000,24.5174,28.1001,28.1001,27.9276,28.0000,0,0,0,normal
5.2,3.9138,-39.7533,2.1000,24.5178,28.0012,28.0012,28.0381,28.0000,0,0,0,normal
5.3,3.9136,-39.7548,2.1000,24.5181,27.8882,27.8882,28.0495,28.0000,0,0,0,normal
5.4,3.9135,-39.7565,2.1000,24.5184,28.0719,28.0719,28.0047,28.0000,0,0,0,normal
5.5,3.9134,-39.7586,2.1000,24.5188,27.9886,27.9886,28.0732,28.0000,0,0,0,normal
5.6,3.9133,-39.7609,2.1000,24.5191,27.9122,27.9122,28.0619,28.0000,0,0,0,normal
5.7,3.9132,-39.7634,2.1000,24.5195,28.1099,28.1099,28.0721,28.0000,0,0,0,normal
5.8,3.9130,-39.7662,2.1000,24.5198,27.9819,27.9819,27.9676,28.0000,0,0,0,normal
5.9,3.9129,-39.7693,2.1000,24.5201,28.0478,28.0478,28.0421,28.0000,0,0,0,normal
6.0,3.9128,-39.7727,2.1000,24.5205,28.1184,28.1184,28.0620,28.0000,0,0,0,normal
6.1,3.9127,-39.7763,2.1000,24.5208,28.0889,28.0889,27.9060,28.0000,0,0,0,normal
6.2,3.9126,-39.7801,2.1000,24.5211,28.0660,28.0660,28.0147,28.0000,0,0,0,normal
6.3,3.9124,-39.7842,2.1000,24.5215,28.0296,28.0296,27.9967,28.0000,0,0,0,normal
6.4,3.9123,-39.7885,2.1000,24.5218,27.9447,27.9447,28.1270,28.0000,0,0,0,normal
6.5,3.9122,-39.7931,2.1000,24.5222,27.8821,27.8821,28.0201,28.0000,0,0,0,normal
6.6,3.9121,-39.7979,2.1000,24.5225,28.0128,28.0128,27.9824,28.0000,0,0,0,normal
6.7,3.9120,-39.8029,2.1000,24.5228,27.9674,27.9674,27.9570,28.0000,0,0,0,normal
6.8,3.9118,-39.8081,2.1000,24.5232,28.0643,28.0643,27.9829,28.0000,0,0,0,normal
6.9,3.9117,-39.8136,2.1000,24.5235,27.9622,27.9622,27.9448,28.0000,0,0,0,normal
7.0,3.9116,-39.8192,2.1000,24.5238,28.1080,28.1080,27.9899,28.0000,0,0,0,normal
7.1,3.9115,-39.8251,2.1000,24.5242,27.9201,27.9201,28.0487,28.0000,0,0,0,normal
7.2,3.9114,-39.8311,2.1000,24.5245,28.0355,28.0355,27.9845,28.0000,0,0,0,normal
7.3,3.9112,-39.8374,2.1000,24.5248,27.9751,27.9751,27.9404,28.0000,0,0,0,normal
7.4,3.9111,-39.8438,2.1000,24.5252,28.0096,28.0096,27.9495,28.0000,0,0,0,normal
7.5,3.9110,-39.8504,2.1000,24.5255,28.1083,28.1083,27.9532,28.0000,0,0,0,normal
7.6,3.9109,-39.8571,2.1000,24.5259,27.9633,27.9633,28.0313,28.0000,0,0,0,normal
7.7,3.9108,-39.8641,2.1000,24.5262,27.9510,27.9510,27.9878,28.0000,0,0,0,normal
7.8,3.9106,-39.8711,2.1000,24.5265,28.1705,28.1705,28.1186,28.0000,0,0,0,normal
7.9,3.9105,-39.8783,2.1000,24.5269,28.0509,28.0509,27.9831,28.0000,0,0,0,normal
8.0,3.9104,-39.8857,2.1000,24.5272,27.9093,27.9093,27.9274,28.0000,0,0,0,normal
8.1,3.9103,-39.8932,2.1000,24.5275,28.0210,28.0210,28.0060,28.0000,0,0,0,normal
8.2,3.9102,-39.9007,2.1000,24.5279,27.8777,27.8777,28.0880,28.0000,0,0,0,normal
8.3,3.9100,-39.9084,2.1000,24.5282,27.9492,27.9492,27.9927,28.0000,0,0,0,normal
8.4,3.9099,-39.9163,2.1000,24.5285,28.1006,28.1006,27.9888,28.0000,0,0,0,normal
8.5,3.9098,-39.9241,2.1000,24.5289,27.9444,27.9444,28.0176,28.0000,0,0,0,normal
8.6,3.9097,-39.9321,2.1000,24.5292,28.0584,28.0584,28.0835,28.0000,0,0,0,normal
8.7,3.9096,-39.9402,2.1000,24.5295,27.9119,27.9119,28.0996,28.0000,0,0,0,normal
8.8,3.9094,-39.9483,2.1000,24.5299,28.0124,28.0124,28.0613,28.0000,0,0,0,normal
8.9,3.9093,-39.9565,2.1000,24.5302,28.1297,28.1297,28.0900,28.0000,0,0,0,normal
9.0,3.9092,-39.9647,2.1000,24.5305,28.0163,28.0163,27.9788,28.0000,0,0,0,normal
9.1,3.9091,-39.9730,2.1000,24.5308,28.0030,28.0030,27.9615,28.0000,0,0,0,normal
9.2,3.9090,-39.9813,2.1000,24.5312,27.9608,27.9608,27.9733,28.0000,0,0,0,normal
9.3,3.9088,-39.9896,2.1000,24.5315,27.9938,27.9938,27.9839,28.0000,0,0,0,normal
9.4,3.9087,-39.9979,2.1000,24.5318,27.8946,27.8946,28.0397,28.0000,0,0,0,normal
9.5,3.9086,-40.0063,2.1000,24.5322,28.0999,28.0999,27.9290,28.0000,0,0,0,normal
9.6,3.9085,-40.0146,2.1000,24.5325,27.9963,27.9963,27.9685,28.0000,0,0,0,normal
9.7,3.9084,-40.0229,2.1000,24.5328,28.0452,28.0452,28.0154,28.0000,0,0,0,normal
9.8,3.9082,-40.0312,2.1000,24.5332,28.0321,28.0321,28.0496,28.0000,0,0,0,normal
9.9,3.9081,-40.0394,2.1000,24.5335,28.0662,28.0662,27.9758,28.0000,0,0,0,normal
10.0,3.9080,-40.0476,2.1000,24.5338,27.9583,27.9583,28.0956,28.0000,0,0,0,normal
10.1,3.9079,-40.0558,2.1000,24.5341,27.9043,27.9043,28.0604,28.0000,0,0,0,normal
10.2,3.9078,-40.0639,2.1000,24.5345,28.0189,28.0189,27.9260,28.0000,0,0,0,normal
10.3,3.9076,-40.0719,2.1000,24.5348,27.9835,27.9835,28.0332,28.0000,0,0,0,normal
10.4,3.9075,-40.0798,2.1000,24.5351,28.0530,28.0530,28.0001,28.0000,0,0,0,normal
10.5,3.9074,-40.0877,2.1000,24.5355,27.9132,27.9132,28.0081,28.0000,0,0,0,normal
10.6,3.9073,-40.0954,2.1000,24.5358,27.9873,27.9873,28.0138,28.0000,0,0,0,normal
10.7,3.9072,-40.1031,2.1000,24.5361,28.0020,28.0020,28.0359,28.0000,0,0,0,normal
10.8,3.9070,-40.1106,2.1000,24.5364,28.0263,28.0263,28.0091,28.0000,0,0,0,normal
10.9,3.9069,-40.1180,2.1000,24.5368,28.0788,28.0788,28.0099,28.0000,0,0,0,normal
11.0,3.9068,-40.1253,2.1000,24.5371,28.1366,28.1366,27.9159,28.0000,0,0,0,normal
11.1,3.9067,-40.1325,2.1000,24.5374,28.0705,28.0705,28.0712,28.0000,0,0,0,normal
11.2,3.9066,-40.1395,2.1000,24.5377,28.0625,28.0625,28.0259,28.0000,0,0,0,normal
11.3,3.9064,-40.1463,2.1000,24.5381,27.9836,27.9836,28.0139,28.0000,0,0,0,normal
11.4,3.9063,-40.1530,2.1000,24.5384,27.9205,27.9205,27.9964,28.0000,0,0,0,normal
11.5,3.9062,-40.1595,2.1000,24.5387,28.1268,28.1268,27.9849,28.0000,0,0,0,normal
11.6,3.9061,-40.1658,2.1000,24.5390,27.9268,27.9268,28.0472,28.0000,0,0,0,normal
11.7,3.9060,-40.1719,2.1000,24.5394,27.9386,27.9386,27.9823,28.0000,0,0,0,normal
11.8,3.9058,-40.1779,2.1000,24.5397,27.9216,27.9216,27.9250,28.0000,0,0,0,normal
11.9,3.9057,-40.1836,2.1000,24.5400,27.9192,27.9192,27.9662,28.0000,0,0,0,normal
12.0,3.9056,-40.1892,2.1000,24.5403,27.9016,27.9016,27.9998,28.0000,0,0,0,normal
12.1,3.9055,-40.1945,2.1000,24.5407,28.0820,28.0820,27.9774,28.0000,0,0,0,normal
12.2,3.9054,-40.1997,2.1000,24.5410,28.0109,28.0109,28.0498,28.0000,0,0,0,normal
12.3,3.9052,-40.2046,2.1000,24.5413,27.8913,27.8913,27.9906,28.0000,0,0,0,normal
12.4,3.9051,-40.2092,2.1000,24.5416,27.8208,27.8208,28.0483,28.0000,0,0,0,normal
12.5,3.9050,-40.2137,2.1000,24.5420,27.9806,27.9806,27.9834,28.0000,0,0,0,normal
12.6,3.9049,-40.2179,2.1000,24.5423,27.9475,27.9475,28.0025,28.0000,0,0,0,normal
12.7,3.9048,-40.2219,2.1000,24.5426,28.1099,28.1099,28.0334,28.0000,0,0,0,normal
12.8,3.9046,-40.2256,2.1000,24.5429,27.9856,27.9856,28.0108,28.0000,0,0,0,normal
12.9,3.9045,-40.2290,2.1000,24.5432,28.1410,28.1410,27.9563,28.0000,0,0,0,normal
13.0,3.9044,-40.2323,2.1000,24.5436,28.1767,28.1767,28.0016,28.0000,0,0,0,normal
13.1,3.9043,-40.2352,2.1000,24.5439,28.0103,28.0103,27.9863,28.0000,0,0,0,normal
13.2,3.9042,-40.2379,2.1000,24.5442,28.0433,28.0433,28.0076,28.0000,0,0,0,normal
13.3,3.9040,-40.2403,2.1000,24.5445,27.9762,27.9762,28.1175,28.0000,0,0,0,normal
13.4,3.9039,-40.2425,2.1000,24.5448,27.9116,27.9116,27.9963,28.0000,0,0,0,normal
13.5,3.9038,-40.2444,2.1000,24.5451,27.9556,27.9556,28.0555,28.0000,0,0,0,normal
13.6,3.9037,-40.2460,2.1000,24.5455,28.0369,28.0369,27.9901,28.0000,0,0,0,normal
13.7,3.9036,-40.2474,2.1000,24.5458,28.1236,28.1236,28.0703,28.0000,0,0,0,normal
13.8,3.9034,-40.2484,2.1000,24.5461,27.9736,27.9736,27.9818,28.0000,0,0,0,normal
13.9,3.9033,-40.2492,2.1000,24.5464,27.9857,27.9857,28.0063,28.0000,0,0,0,normal
14.0,3.9032,-40.2497,2.1000,24.5467,27.9724,27.9724,28.0090,28.0000,0,0,0,normal
14.1,3.9031,-40.2500,2.1000,24.5470,27.9692,27.9692,28.0238,28.0000,0,0,0,normal
14.2,3.9030,-40.2499,2.1000,24.5474,28.0356,28.0356,27.9893,28.0000,0,0,0,normal
14.3,3.9028,-40.2496,2.1000,24.5477,27.9570,27.9570,27.8711,28.0000,0,0,0,normal
14.4,3.9027,-40.2490,2.1000,24.5480,28.0085,28.0085,27.9633,28.0000,0,0,0,normal
14.5,3.9026,-40.2482,2.1000,24.5483,28.0497,28.0497,27.9798,28.0000,0,0,0,normal
14.6,3.9025,-40.2470,2.1000,24.5486,27.9428,27.9428,27.9148,28.0000,0,0,0,normal
14.7,3.9024,-40.2456,2.1000,24.5489,27.9345,27.9345,28.0315,28.0000,0,0,0,normal
14.8,3.9022,-40.2439,2.1000,24.5492,28.0369,28.0369,27.9918,28.0000,0,0,0,normal
14.9,3.9021,-40.2420,2.1000,24.5496,28.0231,28.0231,27.9747,28.0000,0,0,0,normal
15.0,3.9020,-40.2397,2.1000,24.5499,27.9401,27.9401,27.9329,28.0000,0,0,0,normal
15.1,3.9019,-40.2372,2.1000,24.5502,27.8889,27.8889,27.9265,28.0000,0,0,0,normal
15.2,3.9018,-40.2345,2.1000,24.5505,27.8346,27.8346,27.9033,28.0000,0,0,0,normal
15.3,3.9016,-40.2315,2.1000,24.5508,27.9168,27.9168,28.0904,28.0000,0,0,0,normal
15.4,3.9015,-40.2282,2.1000,24.5511,27.9311,27.9311,27.9651,28.0000,0,0,0,normal
15.5,3.9014,-40.2246,2.1000,24.5514,28.0043,28.0043,28.0062,28.0000,0,0,0,normal
15.6,3.9013,-40.2209,2.1000,24.5517,27.9927,27.9927,27.9680,28.0000,0,0,0,normal
15.7,3.9012,-40.2168,2.1000,24.5520,28.0579,28.0579,28.0064,28.0000,0,0,0,normal
15.8,3.9010,-40.2126,2.1000,24.5524,28.0108,28.0108,27.9771,28.0000,0,0,0,normal
15.9,3.9009,-40.2081,2.1000,24.5527,27.8631,27.8631,27.9865,28.0000,0,0,0,normal
16.0,3.9008,-40.2033,2.1000,24.5530,27.9775,27.9775,27.9678,28.0000,0,0,0,normal
16.1,3.9007,-40.1984,2.1000,24.5533,28.1004,28.1004,27.9460,28.0000,0,0,0,normal
16.2,3.9006,-40.1932,2.1000,24.5536,27.9998,27.9998,27.9138,28.0000,0,0,0,normal
16.3,3.9004,-40.1878,2.1000,24.5539,27.9817,27.9817,28.0354,28.0000,0,0,0,normal
16.4,3.9003,-40.1822,2.1000,24.5542,28.0039,28.0039,28.0236,28.0000,0,0,0,normal
16.5,3.9002,-40.1764,2.1000,24.5545,28.1355,28.1355,28.0140,28.0000,0,0,0,normal
16.6,3.9001,-40.1704,2.1000,24.5548,28.0557,28.0557,28.0030,28.0000,0,0,0,normal
16.7,3.9000,-40.1642,2.1000,24.5551,28.0313,28.0313,27.9717,28.0000,0,0,0,normal
16.8,3.8998,-40.1578,2.1000,24.5554,28.1523,28.1523,27.9519,28.0000,0,0,0,normal
16.9,3.8997,-40.1513,2.1000,24.5557,28.0304,28.0304,27.9572,28.0000,0,0,0,normal
17.0,3.8996,-40.1445,2.1000,24.5560,27.9244,27.9244,28.0200,28.0000,0,0,0,normal
17.1,3.8995,-40.1377,2.1000,24.5563,27.9460,27.9460,27.9416,28.0000,0,0,0,normal
17.2,3.8994,-40.1306,2.1000,24.5566,27.9739,27.9739,27.9375,28.0000,0,0,0,normal
17.3,3.8992,-40.1235,2.1000,24.5569,27.9900,27.9900,28.1066,28.0000,0,0,0,normal
17.4,3.8991,-40.1162,2.1000,24.5572,27.8895,27.8895,27.9600,28.0000,0,0,0,normal
17.5,3.8990,-40.1087,2.1000,24.5575,28.0411,28.0411,28.0378,28.0000,0,0,0,normal
17.6,3.8989,-40.1011,2.1000,24.5578,28.0256,28.0256,28.0191,28.0000,0,0,0,normal
17.7,3.8988,-40.0935,2.1000,24.5581,27.9441,27.9441,27.9992,28.0000,0,0,0,normal
17.8,3.8986,-40.0857,2.1000,24.5584,27.9461,27.9461,27.9690,28.0000,0,0,0,normal
17.9,3.8985,-40.0778,2.1000,24.5587,28.0286,28.0286,27.9995,28.0000,0,0,0,normal
18.0,3.8984,-40.0699,2.1000,24.5590,28.0179,28.0179,28.0443,28.0000,0,0,0,normal
18.1,3.8983,-40.0618,2.1000,24.5593,27.9708,27.9708,28.0225,28.0000,0,0,0,normal
18.2,3.8982,-40.0537,2.1000,24.5596,28.1331,28.1331,28.0159,28.0000,0,0,0,normal
18.3,3.8980,-40.0455,2.1000,24.5599,27.9645,27.9645,28.0705,28.0000,0,0,0,normal
18.4,3.8979,-40.0373,2.1000,24.5602,28.0333,28.0333,28.0426,28.0000,0,0,0,normal
18.5,3.8978,-40.0291,2.1000,24.5605,28.1508,28.1508,28.0694,28.0000,0,0,0,normal
18.6,3.8977,-40.0208,2.1000,24.5608,27.9476,27.9476,27.8704,28.0000,0,0,0,normal
18.7,3.8976,-40.0125,2.1000,24.5611,27.8979,27.8979,28.0494,28.0000,0,0,0,normal
18.8,3.8974,-40.0041,2.1000,24.5614,27.9589,27.9589,27.9471,28.0000,0,0,0,normal
18.9,3.8973,-39.9958,2.1000,24.5617,28.0592,28.0592,28.0456,28.0000,0,0,0,normal
19.0,3.8972,-39.9875,2.1000,24.5620,28.0070,28.0070,28.0851,28.0000,0,0,0,normal
19.1,3.8971,-39.9792,2.1000,24.5623,28.0570,28.0570,27.9892,28.0000,0,0,0,normal
19.2,3.8970,-39.9709,2.1000,24.5626,28.0866,28.0866,28.0702,28.0000,0,0,0,normal
19.3,3.8968,-39.9626,2.1000,24.5629,28.0374,28.0374,27.9485,28.0000,0,0,0,normal
19.4,3.8967,-39.9544,2.1000,24.5632,27.8313,27.8313,27.9204,28.0000,0,0,0,normal
19.5,3.8966,-39.9462,2.1000,24.5635,27.8461,27.8461,27.9403,28.0000,0,0,0,normal
19.6,3.8965,-39.9381,2.1000,24.5637,28.0203,28.0203,27.9448,28.0000,0,0,0,normal
19.7,3.8964,-39.9301,2.1000,24.5640,27.9175,27.9175,28.0173,28.0000,0,0,0,normal
19.8,3.8962,-39.9221,2.1000,24.5643,27.9114,27.9114,28.1105,28.0000,0,0,0,normal
19.9,3.8961,-39.9142,2.1000,24.5646,28.0674,28.0674,28.0281,28.0000,0,0,0,normal
20.0,3.8960,-39.9065,2.1000,24.5649,27.9690,27.9690,28.1167,28.0000,0,0,0,normal
20.1,3.8959,-39.8988,2.1000,24.5652,28.0141,28.0141,27.9030,28.0000,0,0,0,normal
20.2,3.8958,-39.8912,2.1000,24.5655,27.9961,27.9961,28.0337,28.0000,0,0,0,normal
20.3,3.8956,-39.8838,2.1000,24.5658,27.9194,27.9194,27.9872,28.0000,0,0,0,normal
20.4,3.8955,-39.8765,2.1000,24.5660,27.9618,27.9618,28.0204,28.0000,0,0,0,normal
20.5,3.8954,-39.8693,2.1000,24.5663,28.1280,28.1280,28.0393,28.0000,0,0,0,normal
20.6,3.8953,-39.8623,2.1000,24.5666,28.0354,28.0354,28.0289,28.0000,0,0,0,normal
20.7,3.8952,-39.8554,2.1000,24.5669,28.0440,28.0440,27.8747,28.0000,0,0,0,normal
20.8,3.8950,-39.8487,2.1000,24.5672,28.0070,28.0070,28.0912,28.0000,0,0,0,normal
20.9,3.8949,-39.8421,2.1000,24.5675,27.9841,27.9841,28.0692,28.0000,0,0,0,normal
21.0,3.8948,-39.8358,2.1000,24.5678,28.1211,28.1211,27.9655,28.0000,0,0,0,normal
21.1,3.8947,-39.8296,2.1000,24.5680,28.1245,28.1245,28.0536,28.0000,0,0,0,normal
21.2,3.8946,-39.8236,2.1000,24.5683,27.9719,27.9719,27.9262,28.0000,0,0,0,normal
21.3,3.8944,-39.8178,2.1000,24.5686,27.9067,27.9067,28.0724,28.0000,0,0,0,normal
21.4,3.8943,-39.8122,2.1000,24.5689,28.0315,28.0315,27.9958,28.0000,0,0,0,normal
21.5,3.8942,-39.8068,2.1000,24.5692,28.0403,28.0403,27.9587,28.0000,0,0,0,normal
21.6,3.8941,-39.8016,2.1000,24.5694,28.0608,28.0608,27.9700,28.0000,0,0,0,normal
21.7,3.8940,-39.7966,2.1000,24.5697,27.9232,27.9232,27.9406,28.0000,0,0,0,normal
21.8,3.8938,-39.7919,2.1000,24.5700,28.0881,28.0881,28.0214,28.0000,0,0,0,normal
21.9,3.8937,-39.7874,2.1000,24.5703,27.9177,27.9177,28.0463,28.0000,0,0,0,normal
22.0,3.8936,-39.7831,2.1000,24.5706,27.9649,27.9649,28.0223,28.0000,0,0,0,normal
22.1,3.8935,-39.7791,2.1000,24.5708,27.9646,27.9646,27.9616,28.0000,0,0,0,normal
22.2,3.8934,-39.7753,2.1000,24.5711,28.0460,28.0460,28.0264,28.0000,0,0,0,normal
22.3,3.8932,-39.7718,2.1000,24.5714,27.9190,27.9190,27.9101,28.0000,0,0,0,normal
22.4,3.8931,-39.7685,2.1000,24.5717,27.9940,27.9940,27.9060,28.0000,0,0,0,normal
22.5,3.8930,-39.7655,2.1000,24.5719,27.9036,27.9036,27.9459,28.0000,0,0,0,normal
22.6,3.8929,-39.7627,2.1000,24.5722,28.1023,28.1023,28.0096,28.0000,0,0,0,normal
22.7,3.8928,-39.7602,2.1000,24.5725,27.9591,27.9591,28.0045,28.0000,0,0,0,normal
22.8,3.8926,-39.7580,2.1000,24.5728,28.0546,28.0546,27.9792,28.0000,0,0,0,normal
22.9,3.8925,-39.7561,2.1000,24.5730,28.0464,28.0464,27.9916,28.0000,0,0,0,normal
23.0,3.8924,-39.7544,2.1000,24.5733,28.0723,28.0723,27.9232,28.0000,0,0,0,normal
23.1,3.8923,-39.7530,2.1000,24.5736,27.9791,27.9791,27.9866,28.0000,0,0,0,normal
23.2,3.8922,-39.7518,2.1000,24.5738,27.9623,27.9623,27.9539,28.0000,0,0,0,normal
23.3,3.8920,-39.7510,2.1000,24.5741,28.0754,28.0754,27.9609,28.0000,0,0,0,normal
23.4,3.8919,-39.7504,2.1000,24.5744,28.0974,28.0974,27.9641,28.0000,0,0,0,normal
23.5,3.8918,-39.7501,2.1000,24.5747,28.0449,28.0449,28.0198,28.0000,0,0,0,normal
23.6,3.8917,-39.7500,2.1000,24.5749,28.1078,28.1078,28.0839,28.0000,0,0,0,normal
23.7,3.8916,-39.7503,2.1000,24.5752,28.0211,28.0211,27.8989,28.0000,0,0,0,normal
23.8,3.8914,-39.7508,2.1000,24.5755,27.8945,27.8945,28.0548,28.0000,0,0,0,normal
23.9,3.8913,-39.7516,2.1000,24.5757,27.9824,27.9824,27.8852,28.0000,0,0,0,normal
24.0,3.8912,-39.7527,2.1000,24.5760,28.0130,28.0130,27.9524,28.0000,0,0,0,normal
24.1,3.8911,-39.7540,2.1000,24.5763,27.9197,27.9197,27.9749,28.0000,0,0,0,normal
24.2,3.8910,-39.7556,2.1000,24.5765,27.8998,27.8998,27.9833,28.0000,0,0,0,normal
24.3,3.8908,-39.7575,2.1000,24.5768,27.9895,27.9895,27.9174,28.0000,0,0,0,normal
24.4,3.8907,-39.7597,2.1000,24.5770,27.9359,27.9359,28.0082,28.0000,0,0,0,normal
24.5,3.8906,-39.7621,2.1000,24.5773,28.0409,28.0409,27.9863,28.0000,0,0,0,normal
24.6,3.8905,-39.7648,2.1000,24.5776,27.9873,27.9873,27.9727,28.0000,0,0,0,normal
24.7,3.8904,-39.7678,2.1000,24.5778,27.9936,27.9936,28.0707,28.0000,0,0,0,normal
24.8,3.8902,-39.7710,2.1000,24.5781,28.0368,28.0368,27.9915,28.0000,0,0,0,normal
24.9,3.8901,-39.7745,2.1000,24.5783,28.2002,28.2002,28.0598,28.0000,0,0,0,normal
25.0,3.8900,-39.7782,2.1000,24.5786,27.9745,27.9745,27.9859,28.0000,0,0,0,normal
25.1,3.8899,-39.7821,2.1000,24.5789,28.1205,28.1205,27.9971,28.0000,0,0,0,normal
25.2,3.8898,-39.7864,2.1000,24.5791,28.0149,28.0149,28.0176,28.0000,0,0,0,normal
25.3,3.8896,-39.7908,2.1000,24.5794,27.9990,27.9990,27.9467,28.0000,0,0,0,normal
25.4,3.8895,-39.7955,2.1000,24.5796,28.0486,28.0486,27.9715,28.0000,0,0,0,normal
25.5,3.8894,-39.8004,2.1000,24.5799,28.1292,28.1292,28.0335,28.0000,0,0,0,normal
25.6,3.8893,-39.8055,2.1000,24.5802,28.0022,28.0022,28.1046,28.0000,0,0,0,normal
25.7,3.8892,-39.8108,2.1000,24.5804,28.0722,28.0722,28.0429,28.0000,0,0,0,normal
25.8,3.8890,-39.8164,2.1000,24.5807,28.1170,28.1170,28.1582,28.0000,0,0,0,normal
25.9,3.8889,-39.8222,2.1000,24.5809,27.9987,27.9987,27.9563,28.0000,0,0,0,normal
26.0,3.8888,-39.8281,2.1000,24.5812,28.0064,28.0064,27.9984,28.0000,0,0,0,normal
26.1,3.8887,-39.8343,2.1000,24.5814,28.1195,28.1195,27.9266,28.0000,0,0,0,normal
26.2,3.8886,-39.8406,2.1000,24.5817,27.8998,27.8998,28.0142,28.0000,0,0,0,normal
26.3,3.8884,-39.8471,2.1000,24.5819,28.1543,28.1543,28.0872,28.0000,0,0,0,normal
26.4,3.8883,-39.8538,2.1000,24.5822,27.9913,27.9913,28.0916,28.0000,0,0,0,normal
26.5,3.8882,-39.8606,2.1000,24.5824,27.9649,27.9649,28.0551,28.0000,0,0,0,normal
26.6,3.8881,-39.8676,2.1000,24.5827,28.0242,28.0242,28.0023,28.0000,0,0,0,normal
26.7,3.8880,-39.8747,2.1000,24.5829,27.9003,27.9003,28.0213,28.0000,0,0,0,normal
26.8,3.8878,-39.8820,2.1000,24.5832,28.1019,28.1019,27.9470,28.0000,0,0,0,normal
26.9,3.8877,-39.8894,2.1000,24.5834,27.8818,27.8818,28.0663,28.0000,0,0,0,normal
27.0,3.8876,-39.8970,2.1000,24.5837,27.8864,27.8864,27.8647,28.0000,0,0,0,normal
27.1,3.8875,-39.9046,2.1000,24.5839,28.0827,28.0827,27.9672,28.0000,0,0,0,normal
27.2,3.8874,-39.9124,2.1000,24.5841,28.0485,28.0485,28.0022,28.0000,0,0,0,normal
27.3,3.8872,-39.9202,2.1000,24.5844,28.1719,28.1719,28.0209,28.0000,0,0,0,normal
27.4,3.8871,-39.9282,2.1000,24.5846,27.9919,27.9919,28.0292,28.0000,0,0,0,normal
27.5,3.8870,-39.9362,2.1000,24.5849,28.0069,28.0069,28.0110,28.0000,0,0,0,normal
27.6,3.8869,-39.9443,2.1000,24.5851,27.8560,27.8560,28.0151,28.0000,0,0,0,normal
27.7,3.8868,-39.9524,2.1000,24.5854,28.0659,28.0659,28.0598,28.0000,0,0,0,normal
27.8,3.8866,-39.9606,2.1000,24.5856,27.9887,27.9887,28.0390,28.0000,0,0,0,normal
27.9,3.8865,-39.9689,2.1000,24.5858,28.0145,28.0145,27.9968,28.0000,0,0,0,normal
28.0,3.8864,-39.9772,2.1000,24.5861,27.9514,27.9514,27.9193,28.0000,0,0,0,normal
28.1,3.8863,-39.9855,2.1000,24.5863,28.0484,28.0484,27.9807,28.0000,0,0,0,normal
28.2,3.8862,-39.9938,2.1000,24.5866,28.0913,28.0913,28.0780,28.0000,0,0,0,normal
28.3,3.8860,-40.0021,2.1000,24.5868,27.9834,27.9834,27.9817,28.0000,0,0,0,normal
28.4,3.8859,-40.0105,2.1000,24.5870,27.9769,27.9769,28.0740,28.0000,0,0,0,normal
28.5,3.8858,-40.0188,2.1000,24.5873,28.1008,28.1008,27.9289,28.0000,0,0,0,normal
28.6,3.8857,-40.0271,2.1000,24.5875,27.9770,27.9770,28.1494,28.0000,0,0,0,normal
28.7,3.8856,-40.0354,2.1000,24.5877,27.8553,27.8553,27.9660,28.0000,0,0,0,normal
28.8,3.8854,-40.0436,2.1000,24.5880,27.9471,27.9471,27.9528,28.0000,0,0,0,normal
28.9,3.8853,-40.0518,2.1000,24.5882,27.8275,27.8275,27.9665,28.0000,0,0,0,normal
29.0,3.8852,-40.0599,2.1000,24.5884,28.0519,28.0519,28.0000,28.0000,0,0,0,normal
29.1,3.8851,-40.0679,2.1000,24.5887,27.8771,27.8771,28.0044,28.0000,0,0,0,normal
29.2,3.8850,-40.0759,2.1000,24.5889,27.9565,27.9565,28.0691,28.0000,0,0,0,normal
29.3,3.8848,-40.0838,2.1000,24.5891,27.8861,27.8861,27.9651,28.0000,0,0,0,normal
29.4,3.8847,-40.0916,2.1000,24.5894,28.0011,28.0011,27.9869,28.0000,0,0,0,normal
29.5,3.8846,-40.0993,2.1000,24.5896,28.0272,28.0272,28.0438,28.0000,0,0,0,normal
29.6,3.8845,-40.1069,2.1000,24.5898,27.8543,27.8543,27.9787,28.0000,0,0,0,normal
29.7,3.8844,-40.1144,2.1000,24.5900,27.7929,27.7929,27.9156,28.0000,0,0,0,normal
29.8,3.8842,-40.1217,2.1000,24.5903,27.9954,27.9954,28.0715,28.0000,0,0,0,normal
29.9,3.8841,-40.1289,2.1000,24.5905,28.0425,28.0425,27.9662,28.0000,0,0,0,normal
30.0,3.8840,-40.1360,2.1000,24.5907,27.9553,27.9553,27.9957,28.0000,0,0,0,normal
30.1,3.8839,-40.1429,2.1000,24.5909,27.9392,27.9392,27.9780,28.0000,0,0,0,normal
30.2,3.8838,-40.1497,2.1000,24.5912,27.8829,27.8829,28.0796,28.0000,0,0,0,normal
30.3,3.8836,-40.1563,2.1000,24.5914,28.0467,28.0467,27.8805,28.0000,0,0,0,normal
30.4,3.8835,-40.1627,2.1000,24.5916,28.0280,28.0280,28.0100,28.0000,0,0,0,normal
30.5,3.8834,-40.1689,2.1000,24.5918,27.9505,27.9505,28.0209,28.0000,0,0,0,normal
30.6,3.8833,-40.1750,2.1000,24.5921,28.0485,28.0485,28.0232,28.0000,0,0,0,normal
30.7,3.8832,-40.1808,2.1000,24.5923,27.9852,27.9852,27.9603,28.0000,0,0,0,normal
30.8,3.8830,-40.1865,2.1000,24.5925,28.1666,28.1666,27.8979,28.0000,0,0,0,normal
30.9,3.8829,-40.1919,2.1000,24.5927,28.0333,28.0333,27.9205,28.0000,0,0,0,normal
31.0,3.8828,-40.1972,2.1000,24.5929,28.2125,28.2125,28.0865,28.0000,0,0,0,normal
31.1,3.8827,-40.2022,2.1000,24.5931,27.9842,27.9842,28.0173,28.0000,0,0,0,normal
31.2,3.8826,-40.2070,2.1000,24.5934,27.9289,27.9289,28.0942,28.0000,0,0,0,normal
31.3,3.8824,-40.2115,2.1000,24.5936,27.8213,27.8213,27.9733,28.0000,0,0,0,normal
31.4,3.8823,-40.2158,2.1000,24.5938,28.0522,28.0522,28.0109,28.0000,0,0,0,normal
31.5,3.8822,-40.2199,2.1000,24.5940,28.1918,28.1918,27.9635,28.0000,0,0,0,normal
31.6,3.8821,-40.2238,2.1000,24.5942,27.9663,27.9663,28.0308,28.0000,0,0,0,normal
31.7,3.8820,-40.2274,2.1000,24.5944,28.0506,28.0506,28.0778,28.0000,0,0,0,normal
31.8,3.8818,-40.2307,2.1000,24.5946,27.9678,27.9678,27.9645,28.0000,0,0,0,normal
31.9,3.8817,-40.2338,2.1000,24.5948,28.2317,28.2317,27.9161,28.0000,0,0,0,normal
32.0,3.8816,-40.2366,2.1000,24.5951,28.0498,28.0498,27.9409,28.0000,0,0,0,normal
32.1,3.8815,-40.2392,2.1000,24.5953,27.9998,27.9998,28.0777,28.0000,0,0,0,normal
32.2,3.8814,-40.2415,2.1000,24.5955,27.9647,27.9647,28.0382,28.0000,0,0,0,normal
32.3,3.8812,-40.2435,2.1000,24.5957,27.9937,27.9937,28.0306,28.0000,0,0,0,normal
32.4,3.8811,-40.2452,2.1000,24.5959,27.9243,27.9243,27.9857,28.0000,0,0,0,normal
32.5,3.8810,-40.2467,2.1000,24.5961,28.0736,28.0736,27.9265,28.0000,0,0,0,normal
32.6,3.8809,-40.2479,2.1000,24.5963,27.9878,27.9878,27.9946,28.0000,0,0,0,normal
32.7,3.8808,-40.2489,2.1000,24.5965,27.8792,27.8792,28.0486,28.0000,0,0,0,normal
32.8,3.8806,-40.2495,2.1000,24.5967,27.9330,27.9330,27.9328,28.0000,0,0,0,normal
32.9,3.8805,-40.2499,2.1000,24.5969,28.0397,28.0397,27.8647,28.0000,0,0,0,normal
33.0,3.8804,-40.2500,2.1000,24.5971,27.8726,27.8726,28.1068,28.0000,0,0,0,normal
33.1,3.8803,-40.2498,2.1000,24.5973,27.9945,27.9945,27.9237,28.0000,0,0,0,normal
33.2,3.8802,-40.2494,2.1000,24.5975,27.9419,27.9419,28.0039,28.0000,0,0,0,normal
33.3,3.8800,-40.2486,2.1000,24.5977,28.0430,28.0430,27.9798,28.0000,0,0,0,normal
33.4,3.8799,-40.2476,2.1000,24.5979,27.9196,27.9196,28.0358,28.0000,0,0,0,normal
33.5,3.8798,-40.2463,2.1000,24.5981,28.0005,28.0005,27.9528,28.0000,0,0,0,normal
33.6,3.8797,-40.2448,2.1000,24.5983,28.0551,28.0551,28.0473,28.0000,0,0,0,normal
33.7,3.8796,-40.2430,2.1000,24.5985,28.0268,28.0268,27.9916,28.0000,0,0,0,normal
33.8,3.8794,-40.2409,2.1000,24.5987,28.0174,28.0174,28.0718,28.0000,0,0,0,normal
33.9,3.8793,-40.2385,2.1000,24.5989,28.0109,28.0109,27.9940,28.0000,0,0,0,normal
34.0,3.8792,-40.2359,2.1000,24.5991,27.8907,27.8907,28.0361,28.0000,0,0,0,normal
34.1,3.8791,-40.2330,2.1000,24.5993,28.0109,28.0109,27.9451,28.0000,0,0,0,normal
34.2,3.8790,-40.2298,2.1000,24.5995,28.0786,28.0786,28.0801,28.0000,0,0,0,normal
34.3,3.8788,-40.2264,2.1000,24.5997,28.0491,28.0491,27.9912,28.0000,0,0,0,normal
34.4,3.8787,-40.2228,2.1000,24.5999,27.9755,27.9755,28.0656,28.0000,0,0,0,normal
34.5,3.8786,-40.2189,2.1000,24.6000,28.1158,28.1158,28.0433,28.0000,0,0,0,normal
34.6,3.8785,-40.2147,2.1000,24.6002,28.1023,28.1023,28.0006,28.0000,0,0,0,normal
34.7,3.8784,-40.2103,2.1000,24.6004,27.9574,27.9574,28.0560,28.0000,0,0,0,normal
34.8,3.8782,-40.2057,2.1000,24.6006,27.9812,27.9812,27.9801,28.0000,0,0,0,normal
34.9,3.8781,-40.2009,2.1000,24.6008,28.0448,28.0448,27.9384,28.0000,0,0,0,normal
35.0,3.8780,-40.1958,2.1000,24.6010,28.1272,28.1272,28.0087,28.0000,0,0,0,normal
35.1,3.8779,-40.1905,2.1000,24.6012,27.8864,27.8864,27.9967,28.0000,0,0,0,normal
35.2,3.8778,-40.1850,2.1000,24.6013,27.9581,27.9581,27.9385,28.0000,0,0,0,normal
35.3,3.8776,-40.1793,2.1000,24.6015,28.0396,28.0396,27.9420,28.0000,0,0,0,normal
35.4,3.8775,-40.1734,2.1000,24.6017,27.8932,27.8932,27.9715,28.0000,0,0,0,normal
35.5,3.8774,-40.1673,2.1000,24.6019,27.9825,27.9825,27.9130,28.0000,0,0,0,normal
35.6,3.8773,-40.1610,2.1000,24.6021,28.1671,28.1671,28.0255,28.0000,0,0,0,normal
35.7,3.8772,-40.1545,2.1000,24.6023,27.9434,27.9434,27.9934,28.0000,0,0,0,normal
35.8,3.8770,-40.1479,2.1000,24.6024,28.0245,28.0245,28.0464,28.0000,0,0,0,normal
35.9,3.8769,-40.1411,2.1000,24.6026,27.8606,27.8606,27.9872,28.0000,0,0,0,normal
36.0,3.8768,-40.1341,2.1000,24.6028,28.1079,28.1079,27.9676,28.0000,0,0,0,normal
36.1,3.8767,-40.1270,2.1000,24.6030,27.9586,27.9586,27.9748,28.0000,0,0,0,normal
36.2,3.8766,-40.1198,2.1000,24.6031,27.9715,27.9715,27.9045,28.0000,0,0,0,normal
36.3,3.8764,-40.1124,2.1000,24.6033,27.9412,27.9412,28.0038,28.0000,0,0,0,normal
36.4,3.8763,-40.1049,2.1000,24.6035,28.0668,28.0668,28.0109,28.0000,0,0,0,normal
36.5,3.8762,-40.0973,2.1000,24.6037,28.0326,28.0326,27.9000,28.0000,0,0,0,normal
36.6,3.8761,-40.0896,2.1000,24.6038,28.0235,28.0235,27.9123,28.0000,0,0,0,normal
36.7,3.8760,-40.0817,2.1000,24.6040,27.9890,27.9890,28.0660,28.0000,0,0,0,normal
36.8,3.8758,-40.0738,2.1000,24.6042,28.0567,28.0567,27.9571,28.0000,0,0,0,normal
36.9,3.8757,-40.0658,2.1000,24.6043,28.0586,28.0586,27.9843,28.0000,0,0,0,normal
37.0,3.8756,-40.0577,2.1000,24.6045,27.9677,27.9677,28.0193,28.0000,0,0,0,normal
37.1,3.8755,-40.0496,2.1000,24.6047,28.0040,28.0040,27.9137,28.0000,0,0,0,normal
37.2,3.8754,-40.0414,2.1000,24.6048,28.0234,28.0234,27.9701,28.0000,0,0,0,normal
37.3,3.8752,-40.0332,2.1000,24.6050,27.9325,27.9325,28.0486,28.0000,0,0,0,normal
37.4,3.8751,-40.0249,2.1000,24.6052,27.9776,27.9776,27.9552,28.0000,0,0,0,normal
37.5,3.8750,-40.0166,2.1000,24.6053,28.0180,28.0180,27.9833,28.0000,0,0,0,normal
37.6,3.8749,-40.0083,2.1000,24.6055,28.0588,28.0588,27.9600,28.0000,0,0,0,normal
37.7,3.8748,-39.9999,2.1000,24.6057,28.0040,28.0040,27.9615,28.0000,0,0,0,normal
37.8,3.8746,-39.9916,2.1000,24.6058,28.0240,28.0240,27.9671,28.0000,0,0,0,normal
37.9,3.8745,-39.9833,2.1000,24.6060,28.0507,28.0507,27.9633,28.0000,0,0,0,normal
38.0,3.8744,-39.9750,2.1000,24.6062,27.9467,27.9467,27.9550,28.0000,0,0,0,normal
38.1,3.8743,-39.9667,2.1000,24.6063,27.9090,27.9090,27.9768,28.0000,0,0,0,normal
38.2,3.8742,-39.9585,2.1000,24.6065,27.9501,27.9501,27.9664,28.0000,0,0,0,normal
38.3,3.8740,-39.9503,2.1000,24.6066,28.0975,28.0975,27.9251,28.0000,0,0,0,normal
38.4,3.8739,-39.9421,2.1000,24.6068,28.0675,28.0675,28.1035,28.0000,0,0,0,normal
38.5,3.8738,-39.9340,2.1000,24.6069,28.0278,28.0278,27.8897,28.0000,0,0,0,normal
38.6,3.8737,-39.9260,2.1000,24.6071,27.9512,27.9512,28.1429,28.0000,0,0,0,normal
38.7,3.8736,-39.9181,2.1000,24.6073,27.8076,27.8076,27.9277,28.0000,0,0,0,normal
38.8,3.8734,-39.9103,2.1000,24.6074,27.9994,27.9994,28.0180,28.0000,0,0,0,normal
38.9,3.8733,-39.9026,2.1000,24.6076,27.9863,27.9863,27.9275,28.0000,0,0,0,normal
39.0,3.8732,-39.8950,2.1000,24.6077,28.0044,28.0044,27.9430,28.0000,0,0,0,normal
39.1,3.8731,-39.8875,2.1000,24.6079,27.8390,27.8390,27.9420,28.0000,0,0,0,normal
39.2,3.8730,-39.8801,2.1000,24.6080,27.9517,27.9517,27.9139,28.0000,0,0,0,normal
39.3,3.8728,-39.8728,2.1000,24.6082,27.8473,27.8473,27.9325,28.0000,0,0,0,normal
39.4,3.8727,-39.8657,2.1000,24.6083,28.0506,28.0506,28.0643,28.0000,0,0,0,normal
39.5,3.8726,-39.8588,2.1000,24.6085,28.0688,28.0688,28.0010,28.0000,0,0,0,normal
39.6,3.8725,-39.8520,2.1000,24.6086,28.0936,28.0936,28.0575,28.0000,0,0,0,normal
39.7,3.8724,-39.8453,2.1000,24.6087,28.0505,28.0505,27.9361,28.0000,0,0,0,normal
39.8,3.8722,-39.8389,2.1000,24.6089,27.9720,27.9720,27.9979,28.0000,0,0,0,normal
39.9,3.8721,-39.8326,2.1000,24.6090,27.9120,27.9120,27.9960,28.0000,0,0,0,normal
40.0,3.8720,-39.8265,2.1000,24.6092,28.0491,28.0491,28.0479,28.0000,0,0,0,normal
40.1,3.8719,-39.8206,2.1000,24.6093,28.0207,28.0207,28.0703,28.0000,0,0,0,normal
40.2,3.8718,-39.8149,2.1000,24.6095,28.1181,28.1181,28.0451,28.0000,0,0,0,normal
40.3,3.8716,-39.8094,2.1000,24.6096,28.1024,28.1024,28.0206,28.0000,0,0,0,normal
40.4,3.8715,-39.8041,2.1000,24.6097,28.1189,28.1189,28.0064,28.0000,0,0,0,normal
40.5,3.8714,-39.7991,2.1000,24.6099,27.7904,27.7904,27.9704,28.0000,0,0,0,normal
40.6,3.8713,-39.7942,2.1000,24.6100,27.9780,27.9780,27.9285,28.0000,0,0,0,normal
40.7,3.8712,-39.7896,2.1000,24.6102,27.9876,27.9876,28.0661,28.0000,0,0,0,normal
40.8,3.8710,-39.7852,2.1000,24.6103,28.0873,28.0873,27.9901,28.0000,0,0,0,normal
40.9,3.8709,-39.7811,2.1000,24.6104,28.1084,28.1084,28.0285,28.0000,0,0,0,normal
41.0,3.8708,-39.7772,2.1000,24.6106,27.8723,27.8723,28.0764,28.0000,0,0,0,normal
41.1,3.8707,-39.7735,2.1000,24.6107,28.0625,28.0625,28.0472,28.0000,0,0,0,normal
41.2,3.8706,-39.7701,2.1000,24.6108,28.0711,28.0711,27.9696,28.0000,0,0,0,normal
41.3,3.8704,-39.7670,2.1000,24.6110,28.0027,28.0027,27.9890,28.0000,0,0,0,normal
41.4,3.8703,-39.7641,2.1000,24.6111,28.0178,28.0178,27.9234,28.0000,0,0,0,normal
41.5,3.8702,-39.7615,2.1000,24.6112,27.9541,27.9541,28.1077,28.0000,0,0,0,normal
41.6,3.8701,-39.7591,2.1000,24.6113,28.0134,28.0134,27.9139,28.0000,0,0,0,normal
41.7,3.8700,-39.7570,2.1000,24.6115,27.9701,27.9701,27.9858,28.0000,0,0,0,normal
41.8,3.8698,-39.7552,2.1000,24.6116,28.0843,28.0843,27.9909,28.0000,0,0,0,normal
41.9,3.8697,-39.7536,2.1000,24.6117,27.9225,27.9225,28.0046,28.0000,0,0,0,normal
42.0,3.8696,-39.7523,2.1000,24.6118,28.1954,28.1954,28.0263,28.0000,0,0,0,normal
42.1,3.8695,-39.7513,2.1000,24.6120,28.0290,28.0290,27.9888,28.0000,0,0,0,normal
42.2,3.8694,-39.7506,2.1000,24.6121,27.9523,27.9523,28.0357,28.0000,0,0,0,normal
42.3,3.8692,-39.7502,2.1000,24.6122,28.0850,28.0850,28.0192,28.0000,0,0,0,normal
42.4,3.8691,-39.7500,2.1000,24.6123,27.9577,27.9577,28.1263,28.0000,0,0,0,normal
42.5,3.8690,-39.7501,2.1000,24.6125,28.0362,28.0362,28.0070,28.0000,0,0,0,normal
42.6,3.8689,-39.7505,2.1000,24.6126,27.9406,27.9406,28.0397,28.0000,0,0,0,normal
42.7,3.8688,-39.7512,2.1000,24.6127,28.0412,28.0412,28.1161,28.0000,0,0,0,normal
42.8,3.8686,-39.7521,2.1000,24.6128,27.9515,27.9515,28.0118,28.0000,0,0,0,normal
42.9,3.8685,-39.7533,2.1000,24.6129,28.0574,28.0574,28.0745,28.0000,0,0,0,normal
43.0,3.8684,-39.7548,2.1000,24.6130,28.0789,28.0789,27.8904,28.0000,0,0,0,normal
43.1,3.8683,-39.7566,2.1000,24.6132,27.9716,27.9716,28.0053,28.0000,0,0,0,normal
43.2,3.8682,-39.7586,2.1000,24.6133,27.8528,27.8528,27.9585,28.0000,0,0,0,normal
43.3,3.8680,-39.7609,2.1000,24.6134,28.1774,28.1774,27.9824,28.0000,0,0,0,normal
43.4,3.8679,-39.7634,2.1000,24.6135,28.1982,28.1982,27.9536,28.0000,0,0,0,normal
43.5,3.8678,-39.7663,2.1000,24.6136,28.0121,28.0121,27.8720,28.0000,0,0,0,normal
43.6,3.8677,-39.7694,2.1000,24.6137,27.9564,27.9564,27.9723,28.0000,0,0,0,normal
43.7,3.8676,-39.7727,2.1000,24.6138,27.9169,27.9169,27.9987,28.0000,0,0,0,normal
43.8,3.8674,-39.7763,2.1000,24.6139,27.8374,27.8374,28.0776,28.0000,0,0,0,normal
43.9,3.8673,-39.7801,2.1000,24.6140,27.9104,27.9104,27.9811,28.0000,0,0,0,normal
44.0,3.8672,-39.7842,2.1000,24.6141,28.0785,28.0785,27.9443,28.0000,0,0,0,normal
44.1,3.8671,-39.7886,2.1000,24.6143,27.9470,27.9470,28.0768,28.0000,0,0,0,normal
44.2,3.8670,-39.7931,2.1000,24.6144,27.9596,27.9596,27.9374,28.0000,0,0,0,normal
44.3,3.8668,-39.7979,2.1000,24.6145,27.9462,27.9462,28.0206,28.0000,0,0,0,normal
44.4,3.8667,-39.8029,2.1000,24.6146,27.9586,27.9586,27.9836,28.0000,0,0,0,normal
44.5,3.8666,-39.8082,2.1000,24.6147,28.0072,28.0072,28.0504,28.0000,0,0,0,normal
44.6,3.8665,-39.8136,2.1000,24.6148,28.0714,28.0714,28.0206,28.0000,0,0,0,normal
44.7,3.8664,-39.8193,2.1000,24.6149,27.9578,27.9578,28.0261,28.0000,0,0,0,normal
44.8,3.8662,-39.8251,2.1000,24.6150,28.0322,28.0322,27.9367,28.0000,0,0,0,normal
44.9,3.8661,-39.8312,2.1000,24.6151,27.9924,27.9924,28.0128,28.0000,0,0,0,normal
45.0,3.8660,-39.8374,2.1000,24.6152,27.9481,27.9481,27.9788,28.0000,0,0,0,normal
45.1,3.8659,-39.8438,2.1000,24.6153,27.9849,27.9849,27.8840,28.0000,0,0,0,normal
45.2,3.8658,-39.8504,2.1000,24.6153,28.0850,28.0850,27.9968,28.0000,0,0,0,normal
45.3,3.8656,-39.8572,2.1000,24.6154,27.9952,27.9952,27.9228,28.0000,0,0,0,normal
45.4,3.8655,-39.8641,2.1000,24.6155,27.9736,27.9736,28.0694,28.0000,0,0,0,normal
45.5,3.8654,-39.8712,2.1000,24.6156,27.9460,27.9460,28.0135,28.0000,0,0,0,normal
45.6,3.8653,-39.8784,2.1000,24.6157,28.0857,28.0857,28.0716,28.0000,0,0,0,normal
45.7,3.8652,-39.8857,2.1000,24.6158,27.7961,27.7961,27.9066,28.0000,0,0,0,normal
45.8,3.8650,-39.8932,2.1000,24.6159,27.9661,27.9661,27.9985,28.0000,0,0,0,normal
45.9,3.8649,-39.9008,2.1000,24.6160,27.9596,27.9596,27.9657,28.0000,0,0,0,normal
46.0,3.8648,-39.9085,2.1000,24.6161,27.8950,27.8950,28.0383,28.0000,0,0,0,normal
46.1,3.8647,-39.9163,2.1000,24.6162,28.0695,28.0695,28.0084,28.0000,0,0,0,normal
46.2,3.8646,-39.9242,2.1000,24.6162,27.9593,27.9593,27.9670,28.0000,0,0,0,normal
46.3,3.8644,-39.9322,2.1000,24.6163,28.0765,28.0765,27.9258,28.0000,0,0,0,normal
46.4,3.8643,-39.9403,2.1000,24.6164,28.0247,28.0247,28.0016,28.0000,0,0,0,normal
46.5,3.8642,-39.9484,2.1000,24.6165,27.9409,27.9409,28.0137,28.0000,0,0,0,normal
46.6,3.8641,-39.9566,2.1000,24.6166,27.9975,27.9975,27.9212,28.0000,0,0,0,normal
46.7,3.8640,-39.9648,2.1000,24.6167,27.8476,27.8476,27.9754,28.0000,0,0,0,normal
46.8,3.8638,-39.9731,2.1000,24.6167,28.1264,28.1264,27.8986,28.0000,0,0,0,normal
46.9,3.8637,-39.9814,2.1000,24.6168,27.9870,27.9870,27.9580,28.0000,0,0,0,normal
47.0,3.8636,-39.9897,2.1000,24.6169,28.0868,28.0868,27.9766,28.0000,0,0,0,normal
47.1,3.8635,-39.9980,2.1000,24.6170,27.9779,27.9779,27.8957,28.0000,0,0,0,normal
47.2,3.8634,-40.0063,2.1000,24.6170,27.9597,27.9597,27.9503,28.0000,0,0,0,normal
47.3,3.8632,-40.0147,2.1000,24.6171,27.8196,27.8196,27.9497,28.0000,0,0,0,normal
47.4,3.8631,-40.0230,2.1000,24.6172,27.9880,27.9880,27.9313,28.0000,0,0,0,normal
47.5,3.8630,-40.0313,2.1000,24.6173,28.0832,28.0832,28.0519,28.0000,0,0,0,normal
47.6,3.8629,-40.0395,2.1000,24.6173,28.1052,28.1052,27.9273,28.0000,0,0,0,normal
47.7,3.8628,-40.0477,2.1000,24.6174,28.0005,28.0005,27.8455,28.0000,0,0,0,normal
47.8,3.8626,-40.0559,2.1000,24.6175,28.0666,28.0666,27.9746,28.0000,0,0,0,normal
47.9,3.8625,-40.0640,2.1000,24.6176,28.0043,28.0043,28.0197,28.0000,0,0,0,normal
48.0,3.8624,-40.0720,2.1000,24.6176,28.0589,28.0589,27.9494,28.0000,0,0,0,normal
48.1,3.8623,-40.0799,2.1000,24.6177,28.0415,28.0415,27.8962,28.0000,0,0,0,normal
48.2,3.8622,-40.0878,2.1000,24.6178,27.9494,27.9494,28.0295,28.0000,0,0,0,normal
48.3,3.8620,-40.0955,2.1000,24.6178,28.0021,28.0021,27.9656,28.0000,0,0,0,normal
48.4,3.8619,-40.1032,2.1000,24.6179,28.0081,28.0081,28.0446,28.0000,0,0,0,normal
48.5,3.8618,-40.1107,2.1000,24.6180,27.8266,27.8266,27.8961,28.0000,0,0,0,normal
48.6,3.8617,-40.1181,2.1000,24.6180,28.2420,28.2420,27.9830,28.0000,0,0,0,normal
48.7,3.8616,-40.1254,2.1000,24.6181,27.9051,27.9051,28.0223,28.0000,0,0,0,normal
48.8,3.8614,-40.1325,2.1000,24.6181,28.0419,28.0419,27.9401,28.0000,0,0,0,normal
48.9,3.8613,-40.1395,2.1000,24.6182,28.0724,28.0724,28.0813,28.0000,0,0,0,normal
49.0,3.8612,-40.1463,2.1000,24.6183,27.9399,27.9399,27.9981,28.0000,0,0,0,normal
49.1,3.8611,-40.1530,2.1000,24.6183,27.9384,27.9384,28.0921,28.0000,0,0,0,normal
49.2,3.8610,-40.1595,2.1000,24.6184,28.0901,28.0901,28.0504,28.0000,0,0,0,normal
49.3,3.8608,-40.1659,2.1000,24.6184,28.0152,28.0152,28.0583,28.0000,0,0,0,normal
49.4,3.8607,-40.1720,2.1000,24.6185,28.0622,28.0622,28.0105,28.0000,0,0,0,normal
49.5,3.8606,-40.1779,2.1000,24.6185,27.9346,27.9346,28.0980,28.0000,0,0,0,normal
49.6,3.8605,-40.1837,2.1000,24.6186,27.8860,27.8860,28.0962,28.0000,0,0,0,normal
49.7,3.8604,-40.1892,2.1000,24.6186,27.9910,27.9910,27.9350,28.0000,0,0,0,normal
49.8,3.8602,-40.1946,2.1000,24.6187,27.9443,27.9443,27.9735,28.0000,0,0,0,normal
49.9,3.8601,-40.1997,2.1000,24.6187,28.0952,28.0952,28.0595,28.0000,0,0,0,normal
50.0,3.8600,-40.2046,2.1000,24.6188,27.8795,27.8795,28.0456,28.0000,0,0,0,normal
50.1,3.8599,-40.2093,2.1000,24.6188,27.9152,27.9152,27.9445,28.0000,0,0,0,normal
50.2,3.8598,-40.2137,2.1000,24.6189,28.0180,28.0180,28.0110,28.0000,0,0,0,normal
50.3,3.8596,-40.2179,2.1000,24.6189,27.9485,27.9485,27.9020,28.0000,0,0,0,normal
50.4,3.8595,-40.2219,2.1000,24.6190,28.0500,28.0500,28.0345,28.0000,0,0,0,normal
50.5,3.8594,-40.2256,2.1000,24.6190,27.9923,27.9923,27.9258,28.0000,0,0,0,normal
50.6,3.8593,-40.2291,2.1000,24.6191,27.9660,27.9660,28.0469,28.0000,0,0,0,normal
50.7,3.8592,-40.2323,2.1000,24.6191,27.8651,27.8651,28.0100,28.0000,0,0,0,normal
50.8,3.8590,-40.2352,2.1000,24.6191,28.1562,28.1562,27.9219,28.0000,0,0,0,normal
50.9,3.8589,-40.2379,2.1000,24.6192,27.9027,27.9027,28.0465,28.0000,0,0,0,normal
51.0,3.8588,-40.2403,2.1000,24.6192,28.0829,28.0829,28.0189,28.0000,0,0,0,normal
51.1,3.8587,-40.2425,2.1000,24.6193,28.0656,28.0656,27.9546,28.0000,0,0,0,normal
51.2,3.8586,-40.2444,2.1000,24.6193,28.0520,28.0520,28.0426,28.0000,0,0,0,normal
51.3,3.8584,-40.2460,2.1000,24.6193,27.9922,27.9922,27.8717,28.0000,0,0,0,normal
51.4,3.8583,-40.2474,2.1000,24.6194,28.0452,28.0452,28.0522,28.0000,0,0,0,normal
51.5,3.8582,-40.2484,2.1000,24.6194,27.9284,27.9284,28.0716,28.0000,0,0,0,normal
51.6,3.8581,-40.2492,2.1000,24.6194,28.0796,28.0796,28.0830,28.0000,0,0,0,normal
51.7,3.8580,-40.2497,2.1000,24.6195,27.8858,27.8858,27.9731,28.0000,0,0,0,normal
51.8,3.8578,-40.2500,2.1000,24.6195,27.9644,27.9644,28.0166,28.0000,0,0,0,normal
51.9,3.8577,-40.2499,2.1000,24.6195,27.9081,27.9081,28.0309,28.0000,0,0,0,normal
52.0,3.8576,-40.2496,2.1000,24.6196,27.9755,27.9755,27.9147,28.0000,0,0,0,normal
52.1,3.8575,-40.2490,2.1000,24.6196,27.9562,27.9562,28.0015,28.0000,0,0,0,normal
52.2,3.8574,-40.2482,2.1000,24.6196,27.9855,27.9855,28.0158,28.0000,0,0,0,normal
52.3,3.8572,-40.2470,2.1000,24.6196,28.0462,28.0462,27.9451,28.0000,0,0,0,normal
52.4,3.8571,-40.2456,2.1000,24.6197,27.9507,27.9507,27.9147,28.0000,0,0,0,normal
52.5,3.8570,-40.2439,2.1000,24.6197,27.9596,27.9596,27.9403,28.0000,0,0,0,normal
52.6,3.8569,-40.2419,2.1000,24.6197,27.9838,27.9838,27.9408,28.0000,0,0,0,normal
52.7,3.8568,-40.2397,2.1000,24.6197,28.0202,28.0202,28.0693,28.0000,0,0,0,normal
52.8,3.8566,-40.2372,2.1000,24.6198,28.0761,28.0761,28.0547,28.0000,0,0,0,normal
52.9,3.8565,-40.2344,2.1000,24.6198,28.0277,28.0277,28.0060,28.0000,0,0,0,normal
53.0,3.8564,-40.2314,2.1000,24.6198,28.1507,28.1507,27.9925,28.0000,0,0,0,normal
53.1,3.8563,-40.2281,2.1000,24.6198,28.0700,28.0700,27.9573,28.0000,0,0,0,normal
53.2,3.8562,-40.2246,2.1000,24.6198,28.0407,28.0407,28.0230,28.0000,0,0,0,normal
53.3,3.8560,-40.2208,2.1000,24.6199,28.0050,28.0050,27.9444,28.0000,0,0,0,normal
53.4,3.8559,-40.2168,2.1000,24.6199,28.0614,28.0614,27.9643,28.0000,0,0,0,normal
53.5,3.8558,-40.2125,2.1000,24.6199,28.0029,28.0029,28.0509,28.0000,0,0,0,normal
53.6,3.8557,-40.2080,2.1000,24.6199,27.9413,27.9413,28.0672,28.0000,0,0,0,normal
53.7,3.8556,-40.2033,2.1000,24.6199,28.0642,28.0642,27.9751,28.0000,0,0,0,normal
53.8,3.8554,-40.1983,2.1000,24.6199,28.0347,28.0347,27.9687,28.0000,0,0,0,normal
53.9,3.8553,-40.1931,2.1000,24.6199,28.0137,28.0137,27.9101,28.0000,0,0,0,normal
54.0,3.8552,-40.1877,2.1000,24.6200,27.8469,27.8469,28.0927,28.0000,0,0,0,normal
54.1,3.8551,-40.1821,2.1000,24.6200,27.8522,27.8522,27.9153,28.0000,0,0,0,normal
54.2,3.8550,-40.1763,2.1000,24.6200,28.0386,28.0386,28.0214,28.0000,0,0,0,normal
54.3,3.8548,-40.1703,2.1000,24.6200,28.1714,28.1714,27.9959,28.0000,0,0,0,normal
54.4,3.8547,-40.1641,2.1000,24.6200,27.9566,27.9566,27.9839,28.0000,0,0,0,normal
54.5,3.8546,-40.1578,2.1000,24.6200,27.9664,27.9664,28.0252,28.0000,0,0,0,normal
54.6,3.8545,-40.1512,2.1000,24.6200,27.9984,27.9984,27.9241,28.0000,0,0,0,normal
54.7,3.8544,-40.1445,2.1000,24.6200,27.9674,27.9674,28.0540,28.0000,0,0,0,normal
54.8,3.8542,-40.1376,2.1000,24.6200,28.0395,28.0395,27.9230,28.0000,0,0,0,normal
54.9,3.8541,-40.1306,2.1000,24.6200,28.0950,28.0950,28.0663,28.0000,0,0,0,normal
55.0,3.8540,-40.1234,2.1000,24.6200,27.9850,27.9850,28.0800,28.0000,0,0,0,normal
55.1,3.8539,-40.1161,2.1000,24.6200,27.9529,27.9529,27.9446,28.0000,0,0,0,normal
55.2,3.8538,-40.1086,2.1000,24.6200,28.0224,28.0224,28.0135,28.0000,0,0,0,normal
55.3,3.8536,-40.1011,2.1000,24.6200,27.9289,27.9289,27.9839,28.0000,0,0,0,normal
55.4,3.8535,-40.0934,2.1000,24.6200,28.0429,28.0429,28.1006,28.0000,0,0,0,normal
55.5,3.8534,-40.0856,2.1000,24.6200,28.1620,28.1620,28.0051,28.0000,0,0,0,normal
55.6,3.8533,-40.0777,2.1000,24.6200,28.1792,28.1792,27.9818,28.0000,0,0,0,normal
55.7,3.8532,-40.0698,2.1000,24.6200,28.1243,28.1243,28.0111,28.0000,0,0,0,normal
55.8,3.8530,-40.0617,2.1000,24.6200,28.0477,28.0477,28.0425,28.0000,0,0,0,normal
55.9,3.8529,-40.0536,2.1000,24.6200,28.1062,28.1062,27.9700,28.0000,0,0,0,normal
56.0,3.8528,-40.0455,2.1000,24.6199,28.0405,28.0405,27.9605,28.0000,0,0,0,normal
56.1,3.8527,-40.0372,2.1000,24.6199,27.9909,27.9909,28.0612,28.0000,0,0,0,normal
56.2,3.8526,-40.0290,2.1000,24.6199,28.0514,28.0514,28.0574,28.0000,0,0,0,normal
56.3,3.8524,-40.0207,2.1000,24.6199,27.9897,27.9897,28.0659,28.0000,0,0,0,normal
56.4,3.8523,-40.0124,2.1000,24.6199,28.0233,28.0233,27.9694,28.0000,0,0,0,normal
56.5,3.8522,-40.0041,2.1000,24.6199,28.0676,28.0676,27.9993,28.0000,0,0,0,normal
56.6,3.8521,-39.9957,2.1000,24.6199,27.9509,27.9509,27.9113,28.0000,0,0,0,normal
56.7,3.8520,-39.9874,2.1000,24.6199,27.9838,27.9838,28.0549,28.0000,0,0,0,normal
56.8,3.8518,-39.9791,2.1000,24.6198,28.0016,28.0016,28.0298,28.0000,0,0,0,normal
56.9,3.8517,-39.9708,2.1000,24.6198,27.9085,27.9085,28.0407,28.0000,0,0,0,normal
57.0,3.8516,-39.9625,2.1000,24.6198,28.0665,28.0665,27.9887,28.0000,0,0,0,normal
57.1,3.8515,-39.9543,2.1000,24.6198,28.0553,28.0553,27.9196,28.0000,0,0,0,normal
57.2,3.8514,-39.9461,2.1000,24.6198,27.9259,27.9259,27.9745,28.0000,0,0,0,normal
57.3,3.8512,-39.9380,2.1000,24.6197,28.2678,28.2678,28.0581,28.0000,0,0,0,normal
57.4,3.8511,-39.9300,2.1000,24.6197,28.0499,28.0499,28.0505,28.0000,0,0,0,normal
57.5,3.8510,-39.9220,2.1000,24.6197,27.9737,27.9737,28.0602,28.0000,0,0,0,normal
57.6,3.8509,-39.9142,2.1000,24.6197,28.0675,28.0675,27.9305,28.0000,0,0,0,normal
57.7,3.8508,-39.9064,2.1000,24.6196,28.0743,28.0743,27.9582,28.0000,0,0,0,normal
57.8,3.8506,-39.8987,2.1000,24.6196,27.9885,27.9885,28.0074,28.0000,0,0,0,normal
57.9,3.8505,-39.8912,2.1000,24.6196,27.9491,27.9491,27.9908,28.0000,0,0,0,normal
58.0,3.8504,-39.8837,2.1000,24.6196,28.1508,28.1508,28.1055,28.0000,0,0,0,normal
58.1,3.8503,-39.8764,2.1000,24.6195,28.1869,28.1869,28.0431,28.0000,0,0,0,normal
58.2,3.8502,-39.8692,2.1000,24.6195,28.1069,28.1069,27.9601,28.0000,0,0,0,normal
58.3,3.8500,-39.8622,2.1000,24.6195,28.0985,28.0985,28.0737,28.0000,0,0,0,normal
58.4,3.8499,-39.8553,2.1000,24.6194,28.0065,28.0065,27.9283,28.0000,0,0,0,normal
58.5,3.8498,-39.8486,2.1000,24.6194,28.0631,28.0631,28.0331,28.0000,0,0,0,normal
58.6,3.8497,-39.8421,2.1000,24.6194,28.0662,28.0662,28.0513,28.0000,0,0,0,normal
58.7,3.8496,-39.8357,2.1000,24.6193,28.0220,28.0220,28.0189,28.0000,0,0,0,normal
58.8,3.8494,-39.8295,2.1000,24.6193,27.9934,27.9934,27.9651,28.0000,0,0,0,normal
58.9,3.8493,-39.8235,2.1000,24.6192,27.8846,27.8846,27.9746,28.0000,0,0,0,normal
59.0,3.8492,-39.8177,2.1000,24.6192,27.9514,27.9514,27.9765,28.0000,0,0,0,normal
59.1,3.8491,-39.8121,2.1000,24.6192,27.9886,27.9886,27.9058,28.0000,0,0,0,normal
59.2,3.8490,-39.8067,2.1000,24.6191,28.1256,28.1256,28.0696,28.0000,0,0,0,normal
59.3,3.8488,-39.8015,2.1000,24.6191,28.0270,28.0270,28.0185,28.0000,0,0,0,normal
59.4,3.8487,-39.7966,2.1000,24.6190,27.8300,27.8300,28.0070,28.0000,0,0,0,normal
59.5,3.8486,-39.7919,2.1000,24.6190,27.9344,27.9344,27.9330,28.0000,0,0,0,normal
59.6,3.8485,-39.7874,2.1000,24.6190,28.0086,28.0086,27.9587,28.0000,0,0,0,normal
59.7,3.8484,-39.7831,2.1000,24.6189,27.8942,27.8942,27.9980,28.0000,0,0,0,normal
59.8,3.8482,-39.7791,2.1000,24.6189,28.0879,28.0879,27.9304,28.0000,0,0,0,normal
59.9,3.8481,-39.7753,2.1000,24.6188,28.0565,28.0565,28.0500,28.0000,0,0,0,normal
60.0,3.8480,-39.7718,2.1000,24.6188,27.9416,27.9416,28.0043,28.0000,0,0,0,normal
60.1,3.8479,-39.7685,2.1000,24.6187,28.0212,28.0212,27.9184,28.0000,0,0,0,normal
60.2,3.8478,-39.7655,2.1000,24.6187,27.9902,27.9902,28.0380,28.0000,0,0,0,normal
60.3,3.8476,-39.7627,2.1000,24.6186,28.0058,28.0058,27.9673,28.0000,0,0,0,normal
60.4,3.8475,-39.7602,2.1000,24.6186,27.9573,27.9573,27.8574,28.0000,0,0,0,normal
60.5,3.8474,-39.7580,2.1000,24.6185,28.0552,28.0552,27.9627,28.0000,0,0,0,normal
60.6,3.8473,-39.7560,2.1000,24.6185,27.9968,27.9968,28.0572,28.0000,0,0,0,normal
60.7,3.8472,-39.7544,2.1000,24.6184,27.8522,27.8522,27.9529,28.0000,0,0,0,normal
60.8,3.8470,-39.7529,2.1000,24.6183,27.9823,27.9823,27.9905,28.0000,0,0,0,normal
60.9,3.8469,-39.7518,2.1000,24.6183,27.9782,27.9782,28.1243,28.0000,0,0,0,normal
61.0,3.8468,-39.7509,2.1000,24.6182,27.9912,27.9912,28.0099,28.0000,0,0,0,normal
61.1,3.8467,-39.7504,2.1000,24.6182,28.0096,28.0096,28.0531,28.0000,0,0,0,normal
61.2,3.8466,-39.7501,2.1000,24.6181,27.9955,27.9955,28.0311,28.0000,0,0,0,normal
61.3,3.8464,-39.7500,2.1000,24.6180,27.9781,27.9781,28.1007,28.0000,0,0,0,normal
61.4,3.8463,-39.7503,2.1000,24.6180,27.8644,27.8644,27.9854,28.0000,0,0,0,normal
61.5,3.8462,-39.7508,2.1000,24.6179,27.9927,27.9927,27.9189,28.0000,0,0,0,normal
61.6,3.8461,-39.7516,2.1000,24.6179,28.0487,28.0487,28.0094,28.0000,0,0,0,normal
61.7,3.8460,-39.7527,2.1000,24.6178,28.1034,28.1034,27.9672,28.0000,0,0,0,normal
61.8,3.8458,-39.7540,2.1000,24.6177,27.9741,27.9741,27.9677,28.0000,0,0,0,normal
61.9,3.8457,-39.7556,2.1000,24.6177,27.9581,27.9581,28.0053,28.0000,0,0,0,normal
62.0,3.8456,-39.7575,2.1000,24.6176,27.9196,27.9196,28.0038,28.0000,0,0,0,normal
62.1,3.8455,-39.7597,2.1000,24.6175,27.9511,27.9511,27.9636,28.0000,0,0,0,normal
62.2,3.8454,-39.7621,2.1000,24.6175,27.9388,27.9388,27.9089,28.0000,0,0,0,normal
62.3,3.8452,-39.7648,2.1000,24.6174,27.9782,27.9782,28.0418,28.0000,0,0,0,normal
62.4,3.8451,-39.7678,2.1000,24.6173,27.9617,27.9617,27.8929,28.0000,0,0,0,normal
62.5,3.8450,-39.7710,2.1000,24.6172,28.0889,28.0889,27.9267,28.0000,0,0,0,normal
62.6,3.8449,-39.7745,2.1000,24.6172,27.9521,27.9521,28.0210,28.0000,0,0,0,normal
62.7,3.8448,-39.7782,2.1000,24.6171,27.9244,27.9244,27.9558,28.0000,0,0,0,normal
62.8,3.8446,-39.7822,2.1000,24.6170,27.9803,27.9803,28.0028,28.0000,0,0,0,normal
62.9,3.8445,-39.7864,2.1000,24.6169,28.0526,28.0526,27.9753,28.0000,0,0,0,normal
63.0,3.8444,-39.7908,2.1000,24.6169,27.9782,27.9782,28.0448,28.0000,0,0,0,normal
63.1,3.8443,-39.7955,2.1000,24.6168,28.0143,28.0143,28.0575,28.0000,0,0,0,normal
63.2,3.8442,-39.8004,2.1000,24.6167,27.9443,27.9443,28.1165,28.0000,0,0,0,normal
63.3,3.8440,-39.8056,2.1000,24.6166,28.0285,28.0285,28.0251,28.0000,0,0,0,normal
63.4,3.8439,-39.8109,2.1000,24.6165,27.9615,27.9615,28.0646,28.0000,0,0,0,normal
63.5,3.8438,-39.8165,2.1000,24.6165,28.0738,28.0738,28.0312,28.0000,0,0,0,normal
63.6,3.8437,-39.8222,2.1000,24.6164,28.0121,28.0121,27.9697,28.0000,0,0,0,normal
63.7,3.8436,-39.8282,2.1000,24.6163,28.0809,28.0809,28.0359,28.0000,0,0,0,normal
63.8,3.8434,-39.8343,2.1000,24.6162,27.9964,27.9964,27.9548,28.0000,0,0,0,normal
63.9,3.8433,-39.8406,2.1000,24.6161,28.0852,28.0852,28.0166,28.0000,0,0,0,normal
64.0,3.8432,-39.8472,2.1000,24.6160,27.9943,27.9943,27.9193,28.0000,0,0,0,normal
64.1,3.8431,-39.8538,2.1000,24.6159,28.1300,28.1300,28.0316,28.0000,0,0,0,normal
64.2,3.8430,-39.8607,2.1000,24.6159,28.0646,28.0646,28.0243,28.0000,0,0,0,normal
64.3,3.8428,-39.8677,2.1000,24.6158,28.1324,28.1324,27.9315,28.0000,0,0,0,normal
64.4,3.8427,-39.8748,2.1000,24.6157,27.9163,27.9163,28.0177,28.0000,0,0,0,normal
64.5,3.8426,-39.8821,2.1000,24.6156,28.0905,28.0905,28.0045,28.0000,0,0,0,normal
64.6,3.8425,-39.8895,2.1000,24.6155,28.0279,28.0279,28.0401,28.0000,0,0,0,normal
64.7,3.8424,-39.8970,2.1000,24.6154,28.0044,28.0044,27.9764,28.0000,0,0,0,normal
64.8,3.8422,-39.9047,2.1000,24.6153,27.9859,27.9859,28.0103,28.0000,0,0,0,normal
64.9,3.8421,-39.9124,2.1000,24.6152,27.9914,27.9914,28.0384,28.0000,0,0,0,normal
65.0,3.8420,-39.9203,2.1000,24.6151,27.9802,27.9802,28.0092,28.0000,0,0,0,normal
65.1,3.8419,-39.9282,2.1000,24.6150,27.8970,27.8970,28.0123,28.0000,0,0,0,normal
65.2,3.8418,-39.9363,2.1000,24.6149,28.1163,28.1163,28.0303,28.0000,0,0,0,normal
65.3,3.8416,-39.9443,2.1000,24.6148,28.0648,28.0648,28.0540,28.0000,0,0,0,normal
65.4,3.8415,-39.9525,2.1000,24.6147,27.8960,27.8960,27.9710,28.0000,0,0,0,normal
65.5,3.8414,-39.9607,2.1000,24.6146,27.9687,27.9687,27.9419,28.0000,0,0,0,normal
65.6,3.8413,-39.9690,2.1000,24.6145,27.9897,27.9897,27.9555,28.0000,0,0,0,normal
65.7,3.8412,-39.9772,2.1000,24.6144,28.0490,28.0490,27.9141,28.0000,0,0,0,normal
65.8,3.8410,-39.9856,2.1000,24.6143,28.0434,28.0434,27.9535,28.0000,0,0,0,normal
65.9,3.8409,-39.9939,2.1000,24.6142,27.9619,27.9619,27.9586,28.0000,0,0,0,normal
66.0,3.8408,-40.0022,2.1000,24.6141,27.8447,27.8447,28.0100,28.0000,0,0,0,normal
66.1,3.8407,-40.0105,2.1000,24.6140,27.8977,27.8977,28.0376,28.0000,0,0,0,normal
66.2,3.8406,-40.0189,2.1000,24.6139,28.0887,28.0887,27.9620,28.0000,0,0,0,normal
66.3,3.8404,-40.0272,2.1000,24.6138,28.0529,28.0529,27.9489,28.0000,0,0,0,normal
66.4,3.8403,-40.0354,2.1000,24.6137,28.0622,28.0622,28.0093,28.0000,0,0,0,normal
66.5,3.8402,-40.0437,2.1000,24.6136,27.8720,27.8720,27.9767,28.0000,0,0,0,normal
66.6,3.8401,-40.0518,2.1000,24.6134,28.1701,28.1701,28.0755,28.0000,0,0,0,normal
66.7,3.8400,-40.0600,2.1000,24.6133,27.9731,27.9731,28.1333,28.0000,0,0,0,normal
66.8,3.8398,-40.0680,2.1000,24.6132,28.0083,28.0083,28.0509,28.0000,0,0,0,normal
66.9,3.8397,-40.0760,2.1000,24.6131,27.9913,27.9913,27.9898,28.0000,0,0,0,normal
67.0,3.8396,-40.0839,2.1000,24.6130,27.9411,27.9411,27.8960,28.0000,0,0,0,normal
67.1,3.8395,-40.0917,2.1000,24.6129,28.1611,28.1611,27.9753,28.0000,0,0,0,normal
67.2,3.8394,-40.0994,2.1000,24.6128,28.1899,28.1899,28.0473,28.0000,0,0,0,normal
67.3,3.8392,-40.1070,2.1000,24.6126,28.1123,28.1123,28.0560,28.0000,0,0,0,normal
67.4,3.8391,-40.1144,2.1000,24.6125,28.0835,28.0835,27.9430,28.0000,0,0,0,normal
67.5,3.8390,-40.1218,2.1000,24.6124,28.0553,28.0553,28.0710,28.0000,0,0,0,normal
67.6,3.8389,-40.1290,2.1000,24.6123,27.9778,27.9778,27.9384,28.0000,0,0,0,normal
67.7,3.8388,-40.1361,2.1000,24.6122,27.8621,27.8621,28.1015,28.0000,0,0,0,normal
67.8,3.8386,-40.1430,2.1000,24.6120,27.9367,27.9367,28.0175,28.0000,0,0,0,normal
67.9,3.8385,-40.1497,2.1000,24.6119,27.9758,27.9758,27.9325,28.0000,0,0,0,normal
68.0,3.8384,-40.1563,2.1000,24.6118,28.0562,28.0562,28.0156,28.0000,0,0,0,normal
68.1,3.8383,-40.1627,2.1000,24.6117,28.0825,28.0825,28.0944,28.0000,0,0,0,normal
68.2,3.8382,-40.1690,2.1000,24.6115,28.0664,28.0664,28.0082,28.0000,0,0,0,normal
68.3,3.8380,-40.1750,2.1000,24.6114,27.9872,27.9872,27.9177,28.0000,0,0,0,normal
68.4,3.8379,-40.1809,2.1000,24.6113,28.0259,28.0259,27.8717,28.0000,0,0,0,normal
68.5,3.8378,-40.1865,2.1000,24.6112,27.9980,27.9980,27.9744,28.0000,0,0,0,normal
68.6,3.8377,-40.1920,2.1000,24.6110,28.1704,28.1704,27.9445,28.0000,0,0,0,normal
68.7,3.8376,-40.1972,2.1000,24.6109,27.9092,27.9092,28.0837,28.0000,0,0,0,normal
68.8,3.8374,-40.2022,2.1000,24.6108,28.0447,28.0447,28.1565,28.0000,0,0,0,normal
68.9,3.8373,-40.2070,2.1000,24.6106,27.9188,27.9188,28.0192,28.0000,0,0,0,normal
69.0,3.8372,-40.2116,2.1000,24.6105,27.8355,27.8355,27.9711,28.0000,0,0,0,normal
69.1,3.8371,-40.2159,2.1000,24.6104,28.1223,28.1223,28.0165,28.0000,0,0,0,normal
69.2,3.8370,-40.2200,2.1000,24.6102,28.0559,28.0559,28.0542,28.0000,0,0,0,normal
69.3,3.8368,-40.2238,2.1000,24.6101,27.8866,27.8866,28.0126,28.0000,0,0,0,normal
69.4,3.8367,-40.2274,2.1000,24.6100,27.9692,27.9692,27.9071,28.0000,0,0,0,normal
69.5,3.8366,-40.2307,2.1000,24.6098,28.0556,28.0556,28.0104,28.0000,0,0,0,normal
69.6,3.8365,-40.2338,2.1000,24.6097,27.9975,27.9975,27.9338,28.0000,0,0,0,normal
69.7,3.8364,-40.2366,2.1000,24.6095,27.8657,27.8657,27.9954,28.0000,0,0,0,normal
69.8,3.8362,-40.2392,2.1000,24.6094,27.9839,27.9839,28.0104,28.0000,0,0,0,normal
69.9,3.8361,-40.2415,2.1000,24.6093,28.1447,28.1447,27.9531,28.0000,0,0,0,normal
70.0,3.8360,-40.2435,2.1000,24.6091,28.0027,28.0027,28.0564,28.0000,0,0,0,normal
70.1,3.8359,-40.2452,2.1000,24.6090,28.1151,28.1151,27.9126,28.0000,0,0,0,normal
70.2,3.8358,-40.2467,2.1000,24.6088,27.9210,27.9210,28.1144,28.0000,0,0,0,normal
70.3,3.8356,-40.2479,2.1000,24.6087,28.0093,28.0093,28.0293,28.0000,0,0,0,normal
70.4,3.8355,-40.2489,2.1000,24.6085,27.9810,27.9810,27.9736,28.0000,0,0,0,normal
70.5,3.8354,-40.2495,2.1000,24.6084,27.9401,27.9401,27.8986,28.0000,0,0,0,normal
70.6,3.8353,-40.2499,2.1000,24.6082,28.0679,28.0679,27.9409,28.0000,0,0,0,normal
70.7,3.8352,-40.2500,2.1000,24.6081,28.1453,28.1453,27.9553,28.0000,0,0,0,normal
70.8,3.8350,-40.2498,2.1000,24.6079,27.7843,27.7843,27.9772,28.0000,0,0,0,normal
70.9,3.8349,-40.2494,2.1000,24.6078,27.8549,27.8549,28.0376,28.0000,0,0,0,normal
71.0,3.8348,-40.2486,2.1000,24.6076,27.9504,27.9504,27.9537,28.0000,0,0,0,normal
71.1,3.8347,-40.2476,2.1000,24.6075,27.7772,27.7772,27.9367,28.0000,0,0,0,normal
71.2,3.8346,-40.2463,2.1000,24.6073,28.1354,28.1354,28.0399,28.0000,0,0,0,normal
71.3,3.8344,-40.2448,2.1000,24.6072,27.9343,27.9343,28.0231,28.0000,0,0,0,normal
71.4,3.8343,-40.2429,2.1000,24.6070,27.9857,27.9857,28.0491,28.0000,0,0,0,normal
71.5,3.8342,-40.2408,2.1000,24.6069,28.0536,28.0536,28.0538,28.0000,0,0,0,normal
71.6,3.8341,-40.2385,2.1000,24.6067,27.9878,27.9878,27.9923,28.0000,0,0,0,normal
71.7,3.8340,-40.2359,2.1000,24.6066,28.0744,28.0744,28.0212,28.0000,0,0,0,normal
71.8,3.8338,-40.2330,2.1000,24.6064,27.9752,27.9752,27.9492,28.0000,0,0,0,normal
71.9,3.8337,-40.2298,2.1000,24.6062,27.9337,27.9337,28.0073,28.0000,0,0,0,normal
72.0,3.8336,-40.2264,2.1000,24.6061,27.8875,27.8875,27.9635,28.0000,0,0,0,normal
72.1,3.8335,-40.2227,2.1000,24.6059,27.8789,27.8789,28.0811,28.0000,0,0,0,normal
72.2,3.8334,-40.2188,2.1000,24.6058,28.2734,28.2734,27.9627,28.0000,0,0,0,normal
72.3,3.8332,-40.2147,2.1000,24.6056,28.0324,28.0324,28.0769,28.0000,0,0,0,normal
72.4,3.8331,-40.2103,2.1000,24.6054,28.1260,28.1260,27.9781,28.0000,0,0,0,normal
72.5,3.8330,-40.2057,2.1000,24.6053,27.8747,27.8747,28.0686,28.0000,0,0,0,normal
72.6,3.8329,-40.2008,2.1000,24.6051,27.9369,27.9369,28.0468,28.0000,0,0,0,normal
72.7,3.8328,-40.1957,2.1000,24.6049,28.0096,28.0096,28.0796,28.0000,0,0,0,normal
72.8,3.8326,-40.1904,2.1000,24.6048,28.0785,28.0785,28.0306,28.0000,0,0,0,normal
72.9,3.8325,-40.1849,2.1000,24.6046,28.0703,28.0703,27.9236,28.0000,0,0,0,normal
73.0,3.8324,-40.1792,2.1000,24.6044,28.1139,28.1139,28.0847,28.0000,0,0,0,normal
73.1,3.8323,-40.1733,2.1000,24.6043,27.9300,27.9300,27.9318,28.0000,0,0,0,normal
73.2,3.8322,-40.1672,2.1000,24.6041,27.9352,27.9352,27.9542,28.0000,0,0,0,normal
73.3,3.8320,-40.1609,2.1000,24.6039,28.0618,28.0618,27.9698,28.0000,0,0,0,normal
73.4,3.8319,-40.1545,2.1000,24.6038,28.0399,28.0399,27.9564,28.0000,0,0,0,normal
73.5,3.8318,-40.1478,2.1000,24.6036,27.9154,27.9154,27.9384,28.0000,0,0,0,normal
73.6,3.8317,-40.1410,2.1000,24.6034,28.0151,28.0151,28.0387,28.0000,0,0,0,normal
73.7,3.8316,-40.1341,2.1000,24.6032,28.1077,28.1077,28.1246,28.0000,0,0,0,normal
73.8,3.8314,-40.1270,2.1000,24.6031,27.8933,27.8933,28.1207,28.0000,0,0,0,normal
73.9,3.8313,-40.1197,2.1000,24.6029,28.0705,28.0705,28.0498,28.0000,0,0,0,normal
74.0,3.8312,-40.1123,2.1000,24.6027,27.9283,27.9283,27.9553,28.0000,0,0,0,normal
74.1,3.8311,-40.1048,2.1000,24.6025,28.1033,28.1033,27.9230,28.0000,0,0,0,normal
74.2,3.8310,-40.0972,2.1000,24.6024,28.0851,28.0851,27.9774,28.0000,0,0,0,normal
74.3,3.8308,-40.0895,2.1000,24.6022,28.0991,28.0991,27.9477,28.0000,0,0,0,normal
74.4,3.8307,-40.0817,2.1000,24.6020,27.9450,27.9450,27.9844,28.0000,0,0,0,normal
74.5,3.8306,-40.0737,2.1000,24.6018,27.9754,27.9754,28.0830,28.0000,0,0,0,normal
74.6,3.8305,-40.0657,2.1000,24.6016,27.9073,27.9073,28.0237,28.0000,0,0,0,normal
74.7,3.8304,-40.0577,2.1000,24.6014,28.0221,28.0221,28.0890,28.0000,0,0,0,normal
74.8,3.8302,-40.0495,2.1000,24.6013,28.2332,28.2332,28.0681,28.0000,0,0,0,normal
74.9,3.8301,-40.0413,2.1000,24.6011,28.0932,28.0932,27.9655,28.0000,0,0,0,normal
75.0,3.8300,-40.0331,2.1000,24.6009,27.9052,27.9052,28.0050,28.0000,0,0,0,normal
75.1,3.8299,-40.0248,2.1000,24.6007,28.0062,28.0062,27.9283,28.0000,0,0,0,normal
75.2,3.8298,-40.0165,2.1000,24.6005,27.8879,27.8879,28.0407,28.0000,0,0,0,normal
75.3,3.8296,-40.0082,2.1000,24.6003,28.1440,28.1440,28.0171,28.0000,0,0,0,normal
75.4,3.8295,-39.9999,2.1000,24.6001,28.0043,28.0043,27.9434,28.0000,0,0,0,normal
75.5,3.8294,-39.9915,2.1000,24.6000,27.9098,27.9098,27.9893,28.0000,0,0,0,normal
75.6,3.8293,-39.9832,2.1000,24.5998,27.9703,27.9703,27.9602,28.0000,0,0,0,normal
75.7,3.8292,-39.9749,2.1000,24.5996,28.0088,28.0088,28.0419,28.0000,0,0,0,normal
75.8,3.8290,-39.9666,2.1000,24.5994,28.1632,28.1632,27.9136,28.0000,0,0,0,normal
75.9,3.8289,-39.9584,2.1000,24.5992,27.9159,27.9159,28.0207,28.0000,0,0,0,normal
76.0,3.8288,-39.9502,2.1000,24.5990,28.1710,28.1710,28.0993,28.0000,0,0,0,normal
76.1,3.8287,-39.9421,2.1000,24.5988,28.1161,28.1161,28.0531,28.0000,0,0,0,normal
76.2,3.8286,-39.9340,2.1000,24.5986,27.9410,27.9410,27.9940,28.0000,0,0,0,normal
76.3,3.8284,-39.9260,2.1000,24.5984,27.9686,27.9686,28.1313,28.0000,0,0,0,normal
76.4,3.8283,-39.9181,2.1000,24.5982,28.0310,28.0310,27.9225,28.0000,0,0,0,normal
76.5,3.8282,-39.9102,2.1000,24.5980,28.1515,28.1515,28.0012,28.0000,0,0,0,normal
76.6,3.8281,-39.9025,2.1000,24.5978,28.0545,28.0545,27.9690,28.0000,0,0,0,normal
76.7,3.8280,-39.8949,2.1000,24.5976,28.1905,28.1905,27.9826,28.0000,0,0,0,normal
76.8,3.8278,-39.8874,2.1000,24.5974,27.9444,27.9444,27.8700,28.0000,0,0,0,normal
76.9,3.8277,-39.8800,2.1000,24.5972,28.0078,28.0078,27.9229,28.0000,0,0,0,normal
77.0,3.8276,-39.8728,2.1000,24.5970,28.1522,28.1522,27.9564,28.0000,0,0,0,normal
77.1,3.8275,-39.8657,2.1000,24.5968,28.0814,28.0814,28.0808,28.0000,0,0,0,normal
77.2,3.8274,-39.8587,2.1000,24.5966,28.0200,28.0200,28.1223,28.0000,0,0,0,normal
77.3,3.8272,-39.8519,2.1000,24.5964,27.9856,27.9856,27.9568,28.0000,0,0,0,normal
77.4,3.8271,-39.8453,2.1000,24.5962,28.1138,28.1138,28.0129,28.0000,0,0,0,normal
77.5,3.8270,-39.8388,2.1000,24.5960,28.0239,28.0239,27.9073,28.0000,0,0,0,normal
77.6,3.8269,-39.8326,2.1000,24.5958,27.9086,27.9086,27.9509,28.0000,0,0,0,normal
77.7,3.8268,-39.8265,2.1000,24.5956,28.1917,28.1917,28.0383,28.0000,0,0,0,normal
77.8,3.8266,-39.8206,2.1000,24.5954,28.0975,28.0975,28.0224,28.0000,0,0,0,normal
77.9,3.8265,-39.8149,2.1000,24.5952,28.0026,28.0026,27.9364,28.0000,0,0,0,normal
78.0,3.8264,-39.8094,2.1000,24.5950,28.0995,28.0995,27.9827,28.0000,0,0,0,normal
78.1,3.8263,-39.8041,2.1000,24.5948,28.0638,28.0638,28.0194,28.0000,0,0,0,normal
78.2,3.8262,-39.7990,2.1000,24.5945,27.9924,27.9924,28.0664,28.0000,0,0,0,normal
78.3,3.8260,-39.7942,2.1000,24.5943,28.1626,28.1626,27.8843,28.0000,0,0,0,normal
78.4,3.8259,-39.7896,2.1000,24.5941,27.9488,27.9488,27.9165,28.0000,0,0,0,normal
78.5,3.8258,-39.7852,2.1000,24.5939,27.9807,27.9807,27.9426,28.0000,0,0,0,normal
78.6,3.8257,-39.7810,2.1000,24.5937,27.8735,27.8735,28.0113,28.0000,0,0,0,normal
78.7,3.8256,-39.7771,2.1000,24.5935,28.0434,28.0434,27.9808,28.0000,0,0,0,normal
78.8,3.8254,-39.7735,2.1000,24.5933,27.8272,27.8272,27.9614,28.0000,0,0,0,normal
78.9,3.8253,-39.7701,2.1000,24.5930,28.0255,28.0255,27.9273,28.0000,0,0,0,normal
79.0,3.8252,-39.7669,2.1000,24.5928,28.0082,28.0082,27.9513,28.0000,0,0,0,normal
79.1,3.8251,-39.7641,2.1000,24.5926,27.8306,27.8306,27.9885,28.0000,0,0,0,normal
79.2,3.8250,-39.7614,2.1000,24.5924,28.1987,28.1987,27.9730,28.0000,0,0,0,normal
79.3,3.8248,-39.7591,2.1000,24.5922,27.8548,27.8548,28.0108,28.0000,0,0,0,normal
79.4,3.8247,-39.7570,2.1000,24.5920,27.9083,27.9083,28.0134,28.0000,0,0,0,normal
79.5,3.8246,-39.7552,2.1000,24.5917,27.9697,27.9697,27.8980,28.0000,0,0,0,normal
79.6,3.8245,-39.7536,2.1000,24.5915,28.0133,28.0133,27.8475,28.0000,0,0,0,normal
79.7,3.8244,-39.7523,2.1000,24.5913,28.0800,28.0800,28.1220,28.0000,0,0,0,normal
79.8,3.8242,-39.7513,2.1000,24.5911,28.0447,28.0447,27.8757,28.0000,0,0,0,normal
79.9,3.8241,-39.7506,2.1000,24.5908,28.0031,28.0031,28.0120,28.0000,0,0,0,normal
80.0,3.8240,-39.7502,2.1000,24.5906,28.0459,28.0459,28.0306,28.0000,0,0,0,normal
80.1,3.8239,-39.7500,2.1000,24.5904,28.0778,28.0778,28.0095,28.0000,0,0,0,normal
80.2,3.8238,-39.7501,2.1000,24.5902,27.8796,27.8796,27.9927,28.0000,0,0,0,normal
80.3,3.8236,-39.7505,2.1000,24.5899,27.9770,27.9770,28.0808,28.0000,0,0,0,normal
80.4,3.8235,-39.7512,2.1000,24.5897,27.9714,27.9714,28.0568,28.0000,0,0,0,normal
80.5,3.8234,-39.7521,2.1000,24.5895,28.0214,28.0214,27.9606,28.0000,0,0,0,normal
80.6,3.8233,-39.7533,2.1000,24.5893,28.0877,28.0877,28.0926,28.0000,0,0,0,normal
80.7,3.8232,-39.7548,2.1000,24.5890,28.1346,28.1346,28.0548,28.0000,0,0,0,normal
80.8,3.8230,-39.7566,2.1000,24.5888,27.9720,27.9720,28.0135,28.0000,0,0,0,normal
80.9,3.8229,-39.7586,2.1000,24.5886,27.9018,27.9018,28.0150,28.0000,0,0,0,normal
81.0,3.8228,-39.7609,2.1000,24.5883,28.0678,28.0678,28.0925,28.0000,0,0,0,normal
81.1,3.8227,-39.7635,2.1000,24.5881,28.0236,28.0236,27.9705,28.0000,0,0,0,normal
81.2,3.8226,-39.7663,2.1000,24.5879,28.0813,28.0813,28.0629,28.0000,0,0,0,normal
81.3,3.8224,-39.7694,2.1000,24.5876,27.8450,27.8450,28.0084,28.0000,0,0,0,normal
81.4,3.8223,-39.7727,2.1000,24.5874,27.9646,27.9646,27.9352,28.0000,0,0,0,normal
81.5,3.8222,-39.7763,2.1000,24.5872,28.0634,28.0634,28.0222,28.0000,0,0,0,normal
81.6,3.8221,-39.7802,2.1000,24.5869,27.9306,27.9306,27.9841,28.0000,0,0,0,normal
81.7,3.8220,-39.7843,2.1000,24.5867,28.1169,28.1169,28.0251,28.0000,0,0,0,normal
81.8,3.8218,-39.7886,2.1000,24.5865,27.9512,27.9512,28.0003,28.0000,0,0,0,normal
81.9,3.8217,-39.7932,2.1000,24.5862,27.9116,27.9116,28.0420,28.0000,0,0,0,normal
82.0,3.8216,-39.7980,2.1000,24.5860,27.9429,27.9429,27.9916,28.0000,0,0,0,normal
82.1,3.8215,-39.8030,2.1000,24.5857,28.0686,28.0686,28.0536,28.0000,0,0,0,normal
82.2,3.8214,-39.8082,2.1000,24.5855,27.9898,27.9898,27.9292,28.0000,0,0,0,normal
82.3,3.8212,-39.8137,2.1000,24.5853,27.9800,27.9800,28.1526,28.0000,0,0,0,normal
82.4,3.8211,-39.8193,2.1000,24.5850,28.0748,28.0748,28.0292,28.0000,0,0,0,normal
82.5,3.8210,-39.8252,2.1000,24.5848,28.0141,28.0141,28.0648,28.0000,0,0,0,normal
82.6,3.8209,-39.8312,2.1000,24.5845,28.0330,28.0330,28.0352,28.0000,0,0,0,normal
82.7,3.8208,-39.8375,2.1000,24.5843,27.9445,27.9445,27.9147,28.0000,0,0,0,normal
82.8,3.8206,-39.8439,2.1000,24.5840,27.8820,27.8820,28.0320,28.0000,0,0,0,normal
82.9,3.8205,-39.8505,2.1000,24.5838,28.0029,28.0029,27.9928,28.0000,0,0,0,normal
83.0,3.8204,-39.8573,2.1000,24.5836,28.0951,28.0951,27.9781,28.0000,0,0,0,normal
83.1,3.8203,-39.8642,2.1000,24.5833,28.0196,28.0196,27.9896,28.0000,0,0,0,normal
83.2,3.8202,-39.8713,2.1000,24.5831,28.0762,28.0762,28.0448,28.0000,0,0,0,normal
83.3,3.8200,-39.8785,2.1000,24.5828,27.9256,27.9256,27.8729,28.0000,0,0,0,normal
83.4,3.8199,-39.8858,2.1000,24.5826,28.0989,28.0989,27.9351,28.0000,0,0,0,normal
83.5,3.8198,-39.8933,2.1000,24.5823,27.9702,27.9702,27.9816,28.0000,0,0,0,normal
83.6,3.8197,-39.9009,2.1000,24.5821,28.0824,28.0824,27.9638,28.0000,0,0,0,normal
83.7,3.8196,-39.9086,2.1000,24.5818,27.9634,27.9634,28.0517,28.0000,0,0,0,normal
83.8,3.8194,-39.9164,2.1000,24.5816,28.1101,28.1101,28.0411,28.0000,0,0,0,normal
83.9,3.8193,-39.9243,2.1000,24.5813,27.8773,27.8773,28.0334,28.0000,0,0,0,normal
84.0,3.8192,-39.9323,2.1000,24.5811,27.9819,27.9819,28.0592,28.0000,0,0,0,normal
84.1,3.8191,-39.9403,2.1000,24.5808,27.9642,27.9642,28.0477,28.0000,0,0,0,normal
84.2,3.8190,-39.9485,2.1000,24.5805,27.9105,27.9105,27.8797,28.0000,0,0,0,normal
84.3,3.8188,-39.9566,2.1000,24.5803,27.9324,27.9324,28.0010,28.0000,0,0,0,normal
84.4,3.8187,-39.9649,2.1000,24.5800,28.0185,28.0185,27.9978,28.0000,0,0,0,normal
84.5,3.8186,-39.9731,2.1000,24.5798,27.9507,27.9507,28.0649,28.0000,0,0,0,normal
84.6,3.8185,-39.9814,2.1000,24.5795,28.0024,28.0024,27.9093,28.0000,0,0,0,normal
84.7,3.8184,-39.9898,2.1000,24.5793,27.9006,27.9006,28.0105,28.0000,0,0,0,normal
84.8,3.8182,-39.9981,2.1000,24.5790,27.8598,27.8598,27.9765,28.0000,0,0,0,normal
84.9,3.8181,-40.0064,2.1000,24.5788,27.9786,27.9786,27.9463,28.0000,0,0,0,normal
85.0,3.8180,-40.0147,2.1000,24.5785,27.8891,27.8891,28.0483,28.0000,0,0,0,normal
85.1,3.8179,-40.0231,2.1000,24.5782,27.8976,27.8976,28.0850,28.0000,0,0,0,normal
85.2,3.8178,-40.0313,2.1000,24.5780,27.9045,27.9045,28.0384,28.0000,0,0,0,normal
85.3,3.8176,-40.0396,2.1000,24.5777,27.9439,27.9439,28.0092,28.0000,0,0,0,normal
85.4,3.8175,-40.0478,2.1000,24.5775,28.0621,28.0621,28.0455,28.0000,0,0,0,normal
85.5,3.8174,-40.0559,2.1000,24.5772,27.9763,27.9763,27.9653,28.0000,0,0,0,normal
85.6,3.8173,-40.0640,2.1000,24.5769,27.9936,27.9936,27.9701,28.0000,0,0,0,normal
85.7,3.8172,-40.0720,2.1000,24.5767,27.9860,27.9860,28.0097,28.0000,0,0,0,normal
85.8,3.8170,-40.0800,2.1000,24.5764,27.9491,27.9491,27.9806,28.0000,0,0,0,normal
85.9,3.8169,-40.0878,2.1000,24.5761,27.9061,27.9061,28.0658,28.0000,0,0,0,normal
86.0,3.8168,-40.0956,2.1000,24.5759,28.1019,28.1019,27.9131,28.0000,0,0,0,normal
86.1,3.8167,-40.1032,2.1000,24.5756,28.1015,28.1015,27.9867,28.0000,0,0,0,normal
86.2,3.8166,-40.1108,2.1000,24.5753,27.9966,27.9966,27.9701,28.0000,0,0,0,normal
86.3,3.8164,-40.1182,2.1000,24.5751,27.9686,27.9686,27.9864,28.0000,0,0,0,normal
86.4,3.8163,-40.1254,2.1000,24.5748,28.0362,28.0362,28.0064,28.0000,0,0,0,normal
86.5,3.8162,-40.1326,2.1000,24.5745,28.0221,28.0221,28.0156,28.0000,0,0,0,normal
86.6,3.8161,-40.1396,2.1000,24.5743,27.8241,27.8241,27.9618,28.0000,0,0,0,normal
86.7,3.8160,-40.1464,2.1000,24.5740,27.9267,27.9267,27.9036,28.0000,0,0,0,normal
86.8,3.8158,-40.1531,2.1000,24.5737,28.0173,28.0173,27.9487,28.0000,0,0,0,normal
86.9,3.8157,-40.1596,2.1000,24.5735,27.8936,27.8936,28.0288,28.0000,0,0,0,normal
87.0,3.8156,-40.1659,2.1000,24.5732,28.1049,28.1049,27.9901,28.0000,0,0,0,normal
87.1,3.8155,-40.1720,2.1000,24.5729,27.8684,27.8684,28.0277,28.0000,0,0,0,normal
87.2,3.8154,-40.1780,2.1000,24.5726,28.0687,28.0687,28.0637,28.0000,0,0,0,normal
87.3,3.8152,-40.1837,2.1000,24.5724,28.1136,28.1136,28.1241,28.0000,0,0,0,normal
87.4,3.8151,-40.1893,2.1000,24.5721,28.1336,28.1336,28.0007,28.0000,0,0,0,normal
87.5,3.8150,-40.1946,2.1000,24.5718,28.0082,28.0082,28.0310,28.0000,0,0,0,normal
87.6,3.8149,-40.1998,2.1000,24.5715,28.0598,28.0598,27.9045,28.0000,0,0,0,normal
87.7,3.8148,-40.2047,2.1000,24.5713,27.9667,27.9667,28.0527,28.0000,0,0,0,normal
87.8,3.8146,-40.2093,2.1000,24.5710,27.9687,27.9687,28.0390,28.0000,0,0,0,normal
87.9,3.8145,-40.2138,2.1000,24.5707,27.9806,27.9806,27.9781,28.0000,0,0,0,normal
88.0,3.8144,-40.2180,2.1000,24.5704,27.8800,27.8800,28.0556,28.0000,0,0,0,normal
88.1,3.8143,-40.2219,2.1000,24.5702,28.0246,28.0246,28.0091,28.0000,0,0,0,normal
88.2,3.8142,-40.2256,2.1000,24.5699,27.8946,27.8946,27.9811,28.0000,0,0,0,normal
88.3,3.8140,-40.2291,2.1000,24.5696,27.9686,27.9686,28.0372,28.0000,0,0,0,normal
88.4,3.8139,-40.2323,2.1000,24.5693,28.0456,28.0456,27.9458,28.0000,0,0,0,normal
88.5,3.8138,-40.2353,2.1000,24.5690,27.9255,27.9255,28.0081,28.0000,0,0,0,normal
88.6,3.8137,-40.2379,2.1000,24.5688,28.1050,28.1050,28.0133,28.0000,0,0,0,normal
88.7,3.8136,-40.2404,2.1000,24.5685,27.8526,27.8526,28.1126,28.0000,0,0,0,normal
88.8,3.8134,-40.2425,2.1000,24.5682,27.9404,27.9404,28.1027,28.0000,0,0,0,normal
88.9,3.8133,-40.2444,2.1000,24.5679,27.9369,27.9369,28.0227,28.0000,0,0,0,normal
89.0,3.8132,-40.2460,2.1000,24.5676,28.0360,28.0360,28.0477,28.0000,0,0,0,normal
89.1,3.8131,-40.2474,2.1000,24.5673,27.9128,27.9128,27.9240,28.0000,0,0,0,normal
89.2,3.8130,-40.2484,2.1000,24.5671,28.0739,28.0739,28.0142,28.0000,0,0,0,normal
89.3,3.8128,-40.2492,2.1000,24.5668,28.0685,28.0685,27.9245,28.0000,0,0,0,normal
89.4,3.8127,-40.2497,2.1000,24.5665,27.9608,27.9608,28.0462,28.0000,0,0,0,normal
89.5,3.8126,-40.2500,2.1000,24.5662,28.0160,28.0160,27.9616,28.0000,0,0,0,normal
89.6,3.8125,-40.2499,2.1000,24.5659,27.9138,27.9138,28.0860,28.0000,0,0,0,normal
89.7,3.8124,-40.2496,2.1000,24.5656,27.9267,27.9267,27.9804,28.0000,0,0,0,normal
89.8,3.8122,-40.2490,2.1000,24.5653,28.0349,28.0349,27.9874,28.0000,0,0,0,normal
89.9,3.8121,-40.2482,2.1000,24.5651,28.0567,28.0567,28.0897,28.0000,0,0,0,normal
90.0,3.8120,-40.2470,2.1000,24.5648,28.1805,28.1805,28.1383,28.0000,0,0,0,normal
90.1,3.8119,-40.2456,2.1000,24.5645,27.9690,27.9690,28.0683,28.0000,0,0,0,normal
90.2,3.8118,-40.2439,2.1000,24.5642,28.0452,28.0452,27.9920,28.0000,0,0,0,normal
90.3,3.8116,-40.2419,2.1000,24.5639,28.1134,28.1134,28.0253,28.0000,0,0,0,normal
90.4,3.8115,-40.2397,2.1000,24.5636,28.0778,28.0778,27.9288,28.0000,0,0,0,normal
90.5,3.8114,-40.2372,2.1000,24.5633,27.9819,27.9819,27.9282,28.0000,0,0,0,normal
90.6,3.8113,-40.2344,2.1000,24.5630,27.9806,27.9806,28.0750,28.0000,0,0,0,normal
90.7,3.8112,-40.2314,2.1000,24.5627,28.0197,28.0197,28.0707,28.0000,0,0,0,normal
90.8,3.8110,-40.2281,2.1000,24.5624,27.9143,27.9143,28.0867,28.0000,0,0,0,normal
90.9,3.8109,-40.2246,2.1000,24.5622,27.9987,27.9987,27.9140,28.0000,0,0,0,normal
91.0,3.8108,-40.2208,2.1000,24.5619,28.0672,28.0672,27.9537,28.0000,0,0,0,normal
91.1,3.8107,-40.2168,2.1000,24.5616,28.1061,28.1061,27.9178,28.0000,0,0,0,normal
91.2,3.8106,-40.2125,2.1000,24.5613,27.9212,27.9212,27.9219,28.0000,0,0,0,normal
91.3,3.8104,-40.2080,2.1000,24.5610,27.9604,27.9604,28.0244,28.0000,0,0,0,normal
91.4,3.8103,-40.2032,2.1000,24.5607,28.0613,28.0613,28.0655,28.0000,0,0,0,normal
91.5,3.8102,-40.1983,2.1000,24.5604,28.0073,28.0073,27.9834,28.0000,0,0,0,normal
91.6,3.8101,-40.1931,2.1000,24.5601,27.9565,27.9565,28.0668,28.0000,0,0,0,normal
91.7,3.8100,-40.1877,2.1000,24.5598,27.9271,27.9271,28.0179,28.0000,0,0,0,normal
91.8,3.8098,-40.1821,2.1000,24.5595,28.0992,28.0992,28.0105,28.0000,0,0,0,normal
91.9,3.8097,-40.1763,2.1000,24.5592,28.0253,28.0253,28.0371,28.0000,0,0,0,normal
92.0,3.8096,-40.1703,2.1000,24.5589,28.1520,28.1520,27.9780,28.0000,0,0,0,normal
92.1,3.8095,-40.1641,2.1000,24.5586,28.0724,28.0724,27.9046,28.0000,0,0,0,normal
92.2,3.8094,-40.1577,2.1000,24.5583,27.9857,27.9857,28.0146,28.0000,0,0,0,normal
92.3,3.8092,-40.1511,2.1000,24.5580,27.8904,27.8904,28.0376,28.0000,0,0,0,normal
92.4,3.8091,-40.1444,2.1000,24.5577,28.0562,28.0562,28.0792,28.0000,0,0,0,normal
92.5,3.8090,-40.1375,2.1000,24.5574,27.9654,27.9654,28.0382,28.0000,0,0,0,normal
92.6,3.8089,-40.1305,2.1000,24.5571,27.9366,27.9366,28.0881,28.0000,0,0,0,normal
92.7,3.8088,-40.1233,2.1000,24.5568,28.0282,28.0282,27.9946,28.0000,0,0,0,normal
92.8,3.8086,-40.1160,2.1000,24.5565,27.9770,27.9770,27.9828,28.0000,0,0,0,normal
92.9,3.8085,-40.1086,2.1000,24.5562,27.9471,27.9471,27.9466,28.0000,0,0,0,normal
93.0,3.8084,-40.1010,2.1000,24.5559,27.9397,27.9397,28.0055,28.0000,0,0,0,normal
93.1,3.8083,-40.0933,2.1000,24.5556,28.1181,28.1181,27.9876,28.0000,0,0,0,normal
93.2,3.8082,-40.0856,2.1000,24.5553,28.0630,28.0630,27.9992,28.0000,0,0,0,normal
93.3,3.8080,-40.0777,2.1000,24.5550,27.9131,27.9131,27.9227,28.0000,0,0,0,normal
93.4,3.8079,-40.0697,2.1000,24.5547,28.0209,28.0209,27.9567,28.0000,0,0,0,normal
93.5,3.8078,-40.0617,2.1000,24.5544,27.9948,27.9948,27.9847,28.0000,0,0,0,normal
93.6,3.8077,-40.0536,2.1000,24.5541,28.0431,28.0431,28.0267,28.0000,0,0,0,normal
93.7,3.8076,-40.0454,2.1000,24.5538,27.9785,27.9785,28.0610,28.0000,0,0,0,normal
93.8,3.8074,-40.0372,2.1000,24.5534,27.9190,27.9190,28.1234,28.0000,0,0,0,normal
93.9,3.8073,-40.0289,2.1000,24.5531,28.1606,28.1606,27.9828,28.0000,0,0,0,normal
94.0,3.8072,-40.0206,2.1000,24.5528,28.0961,28.0961,27.9704,28.0000,0,0,0,normal
94.1,3.8071,-40.0123,2.1000,24.5525,27.8839,27.8839,27.9569,28.0000,0,0,0,normal
94.2,3.8070,-40.0040,2.1000,24.5522,28.0247,28.0247,28.0714,28.0000,0,0,0,normal
94.3,3.8068,-39.9956,2.1000,24.5519,28.0445,28.0445,27.9916,28.0000,0,0,0,normal
94.4,3.8067,-39.9873,2.1000,24.5516,27.9675,27.9675,27.9465,28.0000,0,0,0,normal
94.5,3.8066,-39.9790,2.1000,24.5513,28.0543,28.0543,28.0481,28.0000,0,0,0,normal
94.6,3.8065,-39.9707,2.1000,24.5510,27.9070,27.9070,27.9619,28.0000,0,0,0,normal
94.7,3.8064,-39.9625,2.1000,24.5507,27.9522,27.9522,28.0144,28.0000,0,0,0,normal
94.8,3.8062,-39.9542,2.1000,24.5504,27.9787,27.9787,28.0808,28.0000,0,0,0,normal
94.9,3.8061,-39.9461,2.1000,24.5500,27.9442,27.9442,28.0133,28.0000,0,0,0,normal
95.0,3.8060,-39.9380,2.1000,24.5497,27.9203,27.9203,27.9822,28.0000,0,0,0,normal
95.1,3.8059,-39.9299,2.1000,24.5494,27.9634,27.9634,28.0916,28.0000,0,0,0,normal
95.2,3.8058,-39.9220,2.1000,24.5491,28.0482,28.0482,28.0645,28.0000,0,0,0,normal
95.3,3.8056,-39.9141,2.1000,24.5488,27.9942,27.9942,28.1558,28.0000,0,0,0,normal
95.4,3.8055,-39.9063,2.1000,24.5485,28.0492,28.0492,28.1149,28.0000,0,0,0,normal
95.5,3.8054,-39.8987,2.1000,24.5482,28.0007,28.0007,27.9098,28.0000,0,0,0,normal
95.6,3.8053,-39.8911,2.1000,24.5479,28.1422,28.1422,27.9674,28.0000,0,0,0,normal
95.7,3.8052,-39.8837,2.1000,24.5475,27.9619,27.9619,27.9149,28.0000,0,0,0,normal
95.8,3.8050,-39.8763,2.1000,24.5472,27.9966,27.9966,27.9548,28.0000,0,0,0,normal
95.9,3.8049,-39.8692,2.1000,24.5469,28.0402,28.0402,27.9838,28.0000,0,0,0,normal
96.0,3.8048,-39.8621,2.1000,24.5466,27.9546,27.9546,28.0607,28.0000,0,0,0,normal
96.1,3.8047,-39.8553,2.1000,24.5463,27.9425,27.9425,27.9156,28.0000,0,0,0,normal
96.2,3.8046,-39.8486,2.1000,24.5460,28.0337,28.0337,27.9298,28.0000,0,0,0,normal
96.3,3.8044,-39.8420,2.1000,24.5456,27.9162,27.9162,27.8895,28.0000,0,0,0,normal
96.4,3.8043,-39.8356,2.1000,24.5453,28.0460,28.0460,28.0447,28.0000,0,0,0,normal
96.5,3.8042,-39.8295,2.1000,24.5450,28.1439,28.1439,28.0183,28.0000,0,0,0,normal
96.6,3.8041,-39.8235,2.1000,24.5447,27.9736,27.9736,28.0049,28.0000,0,0,0,normal
96.7,3.8040,-39.8177,2.1000,24.5444,28.0357,28.0357,27.9436,28.0000,0,0,0,normal
96.8,3.8038,-39.8121,2.1000,24.5441,27.9790,27.9790,27.9840,28.0000,0,0,0,normal
96.9,3.8037,-39.8067,2.1000,24.5437,27.9703,27.9703,27.9295,28.0000,0,0,0,normal
97.0,3.8036,-39.8015,2.1000,24.5434,28.0116,28.0116,27.9181,28.0000,0,0,0,normal
97.1,3.8035,-39.7965,2.1000,24.5431,28.0720,28.0720,28.0683,28.0000,0,0,0,normal
97.2,3.8034,-39.7918,2.1000,24.5428,28.1023,28.1023,28.0529,28.0000,0,0,0,normal
97.3,3.8032,-39.7873,2.1000,24.5425,27.9811,27.9811,27.9708,28.0000,0,0,0,normal
97.4,3.8031,-39.7831,2.1000,24.5421,27.9997,27.9997,27.8956,28.0000,0,0,0,normal
97.5,3.8030,-39.7790,2.1000,24.5418,27.9581,27.9581,27.9560,28.0000,0,0,0,normal
97.6,3.8029,-39.7753,2.1000,24.5415,27.9729,27.9729,28.0157,28.0000,0,0,0,normal
97.7,3.8028,-39.7717,2.1000,24.5412,27.9298,27.9298,28.0071,28.0000,0,0,0,normal
97.8,3.8026,-39.7685,2.1000,24.5408,28.1056,28.1056,27.8955,28.0000,0,0,0,normal
97.9,3.8025,-39.7654,2.1000,24.5405,27.8500,27.8500,28.0012,28.0000,0,0,0,normal
98.0,3.8024,-39.7627,2.1000,24.5402,27.9386,27.9386,27.9260,28.0000,0,0,0,normal
98.1,3.8023,-39.7602,2.1000,24.5399,27.9283,27.9283,28.1015,28.0000,0,0,0,normal
98.2,3.8022,-39.7580,2.1000,24.5396,27.8332,27.8332,27.9886,28.0000,0,0,0,normal
98.3,3.8020,-39.7560,2.1000,24.5392,27.9643,27.9643,27.9655,28.0000,0,0,0,normal
98.4,3.8019,-39.7543,2.1000,24.5389,27.9698,27.9698,28.0977,28.0000,0,0,0,normal
98.5,3.8018,-39.7529,2.1000,24.5386,28.0903,28.0903,27.9209,28.0000,0,0,0,normal
98.6,3.8017,-39.7518,2.1000,24.5383,27.9672,27.9672,28.0458,28.0000,0,0,0,normal
98.7,3.8016,-39.7509,2.1000,24.5379,28.0625,28.0625,27.9227,28.0000,0,0,0,normal
98.8,3.8014,-39.7504,2.1000,24.5376,28.0808,28.0808,27.8811,28.0000,0,0,0,normal
98.9,3.8013,-39.7501,2.1000,24.5373,27.8236,27.8236,28.0320,28.0000,0,0,0,normal
99.0,3.8012,-39.7500,2.1000,24.5370,27.8978,27.8978,27.8865,28.0000,0,0,0,normal
99.1,3.8011,-39.7503,2.1000,24.5366,28.0820,28.0820,27.9730,28.0000,0,0,0,normal
99.2,3.8010,-39.7508,2.1000,24.5363,28.0918,28.0918,27.9678,28.0000,0,0,0,normal
99.3,3.8008,-39.7516,2.1000,24.5360,28.0003,28.0003,27.9707,28.0000,0,0,0,normal
99.4,3.8007,-39.7527,2.1000,24.5356,27.9572,27.9572,27.9216,28.0000,0,0,0,normal
99.5,3.8006,-39.7540,2.1000,24.5353,27.9194,27.9194,28.0641,28.0000,0,0,0,normal
99.6,3.8005,-39.7557,2.1000,24.5350,27.9828,27.9828,27.9340,28.0000,0,0,0,normal
99.7,3.8004,-39.7576,2.1000,24.5347,28.0240,28.0240,27.9353,28.0000,0,0,0,normal
99.8,3.8002,-39.7597,2.1000,24.5343,27.9187,27.9187,27.9773,28.0000,0,0,0,normal
99.9,3.8001,-39.7622,2.1000,24.5340,27.9225,27.9225,28.0174,28.0000,0,0,0,normal
100.0,3.8000,-39.7649,2.1000,24.5337,28.0982,28.0982,28.0337,28.0000,0,0,0,normal
100.1,3.7999,-39.7678,2.1000,24.5333,28.0354,28.0354,28.0259,28.0000,0,0,0,normal
100.2,3.7998,-39.7710,2.1000,24.5330,27.8942,27.8942,27.9846,28.0000,0,0,0,normal
100.3,3.7996,-39.7745,2.1000,24.5327,28.0895,28.0895,28.0609,28.0000,0,0,0,normal
100.4,3.7995,-39.7782,2.1000,24.5324,28.1128,28.1128,27.9934,28.0000,0,0,0,normal
100.5,3.7994,-39.7822,2.1000,24.5320,27.9399,27.9399,27.9541,28.0000,0,0,0,normal
100.6,3.7993,-39.7864,2.1000,24.5317,28.0109,28.0109,27.9655,28.0000,0,0,0,normal
100.7,3.7992,-39.7909,2.1000,24.5314,28.2578,28.2578,28.1159,28.0000,0,0,0,normal
100.8,3.7990,-39.7956,2.1000,24.5310,27.9595,27.9595,27.9095,28.0000,0,0,0,normal
100.9,3.7989,-39.8005,2.1000,24.5307,28.1027,28.1027,28.0391,28.0000,0,0,0,normal
101.0,3.7988,-39.8056,2.1000,24.5304,28.0999,28.0999,27.9825,28.0000,0,0,0,normal
101.1,3.7987,-39.8109,2.1000,24.5300,28.1254,28.1254,27.9147,28.0000,0,0,0,normal
101.2,3.7986,-39.8165,2.1000,24.5297,28.0001,28.0001,28.0562,28.0000,0,0,0,normal
101.3,3.7984,-39.8223,2.1000,24.5294,27.9969,27.9969,27.9309,28.0000,0,0,0,normal
101.4,3.7983,-39.8282,2.1000,24.5290,28.1633,28.1633,27.9699,28.0000,0,0,0,normal
101.5,3.7982,-39.8344,2.1000,24.5287,27.9706,27.9706,28.0361,28.0000,0,0,0,normal
101.6,3.7981,-39.8407,2.1000,24.5284,28.1037,28.1037,28.0527,28.0000,0,0,0,normal
101.7,3.7980,-39.8472,2.1000,24.5280,28.0390,28.0390,27.9871,28.0000,0,0,0,normal
101.8,3.7978,-39.8539,2.1000,24.5277,28.0237,28.0237,27.9442,28.0000,0,0,0,normal
101.9,3.7977,-39.8607,2.1000,24.5274,27.8755,27.8755,27.9908,28.0000,0,0,0,normal
102.0,3.7976,-39.8677,2.1000,24.5270,28.1871,28.1871,28.0671,28.0000,0,0,0,normal
102.1,3.7975,-39.8749,2.1000,24.5267,27.9271,27.9271,27.9815,28.0000,0,0,0,normal
102.2,3.7974,-39.8822,2.1000,24.5264,27.9250,27.9250,27.9904,28.0000,0,0,0,normal
102.3,3.7972,-39.8896,2.1000,24.5260,28.0764,28.0764,27.9706,28.0000,0,0,0,normal
102.4,3.7971,-39.8971,2.1000,24.5257,27.9929,27.9929,27.9682,28.0000,0,0,0,normal
102.5,3.7970,-39.9048,2.1000,24.5254,27.9617,27.9617,28.0011,28.0000,0,0,0,normal
102.6,3.7969,-39.9125,2.1000,24.5250,27.9235,27.9235,27.8747,28.0000,0,0,0,normal
102.7,3.7968,-39.9204,2.1000,24.5247,28.1135,28.1135,28.0322,28.0000,0,0,0,normal
102.8,3.7966,-39.9283,2.1000,24.5244,28.0593,28.0593,28.0625,28.0000,0,0,0,normal
102.9,3.7965,-39.9363,2.1000,24.5240,28.0396,28.0396,27.9578,28.0000,0,0,0,normal
103.0,3.7964,-39.9444,2.1000,24.5237,27.9290,27.9290,28.0547,28.0000,0,0,0,normal
103.1,3.7963,-39.9526,2.1000,24.5234,28.0244,28.0244,27.9588,28.0000,0,0,0,normal
103.2,3.7962,-39.9608,2.1000,24.5230,28.0654,28.0654,27.8702,28.0000,0,0,0,normal
103.3,3.7960,-39.9690,2.1000,24.5227,28.2038,28.2038,28.0248,28.0000,0,0,0,normal
103.4,3.7959,-39.9773,2.1000,24.5223,28.0129,28.0129,28.0178,28.0000,0,0,0,normal
103.5,3.7958,-39.9856,2.1000,24.5220,28.1056,28.1056,27.9521,28.0000,0,0,0,normal
103.6,3.7957,-39.9940,2.1000,24.5217,28.0062,28.0062,27.9770,28.0000,0,0,0,normal
103.7,3.7956,-40.0023,2.1000,24.5213,27.9537,27.9537,28.0356,28.0000,0,0,0,normal
103.8,3.7954,-40.0106,2.1000,24.5210,28.0109,28.0109,27.9968,28.0000,0,0,0,normal
103.9,3.7953,-40.0189,2.1000,24.5207,27.9461,27.9461,27.9374,28.0000,0,0,0,normal
104.0,3.7952,-40.0272,2.1000,24.5203,28.0644,28.0644,28.0206,28.0000,0,0,0,normal
104.1,3.7951,-40.0355,2.1000,24.5200,27.9803,27.9803,28.0357,28.0000,0,0,0,normal
104.2,3.7950,-40.0437,2.1000,24.5196,27.9305,27.9305,27.9655,28.0000,0,0,0,normal
104.3,3.7948,-40.0519,2.1000,24.5193,27.9922,27.9922,27.9483,28.0000,0,0,0,normal
104.4,3.7947,-40.0600,2.1000,24.5190,27.9936,27.9936,27.8342,28.0000,0,0,0,normal
104.5,3.7946,-40.0681,2.1000,24.5186,28.1561,28.1561,27.9363,28.0000,0,0,0,normal
104.6,3.7945,-40.0761,2.1000,24.5183,27.9613,27.9613,27.9707,28.0000,0,0,0,normal
104.7,3.7944,-40.0840,2.1000,24.5180,28.1729,28.1729,28.0750,28.0000,0,0,0,normal
104.8,3.7942,-40.0918,2.1000,24.5176,27.9695,27.9695,28.0396,28.0000,0,0,0,normal
104.9,3.7941,-40.0995,2.1000,24.5173,28.0257,28.0257,27.9393,28.0000,0,0,0,normal
105.0,3.7940,-40.1070,2.1000,24.5169,27.9265,27.9265,28.1074,28.0000,0,0,0,normal
105.1,3.7939,-40.1145,2.1000,24.5166,28.0109,28.0109,27.8756,28.0000,0,0,0,normal
105.2,3.7938,-40.1219,2.1000,24.5163,27.8873,27.8873,28.0309,28.0000,0,0,0,normal
105.3,3.7936,-40.1291,2.1000,24.5159,27.8182,27.8182,27.9092,28.0000,0,0,0,normal
105.4,3.7935,-40.1361,2.1000,24.5156,28.0138,28.0138,28.0055,28.0000,0,0,0,normal
105.5,3.7934,-40.1430,2.1000,24.5152,28.0737,28.0737,27.9628,28.0000,0,0,0,normal
105.6,3.7933,-40.1498,2.1000,24.5149,27.9689,27.9689,28.1427,28.0000,0,0,0,normal
105.7,3.7932,-40.1564,2.1000,24.5146,28.0075,28.0075,28.0433,28.0000,0,0,0,normal
105.8,3.7930,-40.1628,2.1000,24.5142,27.9283,27.9283,28.0917,28.0000,0,0,0,normal
105.9,3.7929,-40.1690,2.1000,24.5139,27.9885,27.9885,27.9833,28.0000,0,0,0,normal
106.0,3.7928,-40.1751,2.1000,24.5135,28.0456,28.0456,27.9777,28.0000,0,0,0,normal
106.1,3.7927,-40.1809,2.1000,24.5132,27.9976,27.9976,27.9741,28.0000,0,0,0,normal
106.2,3.7926,-40.1866,2.1000,24.5129,27.9889,27.9889,27.9732,28.0000,0,0,0,normal
106.3,3.7924,-40.1920,2.1000,24.5125,28.0540,28.0540,27.9582,28.0000,0,0,0,normal
106.4,3.7923,-40.1972,2.1000,24.5122,28.0622,28.0622,28.0906,28.0000,0,0,0,normal
106.5,3.7922,-40.2023,2.1000,24.5118,28.0153,28.0153,27.9990,28.0000,0,0,0,normal
106.6,3.7921,-40.2070,2.1000,24.5115,28.0000,28.0000,28.0596,28.0000,0,0,0,normal
106.7,3.7920,-40.2116,2.1000,24.5111,27.8469,27.8469,27.9723,28.0000,0,0,0,normal
106.8,3.7918,-40.2159,2.1000,24.5108,28.0733,28.0733,27.9918,28.0000,0,0,0,normal
106.9,3.7917,-40.2200,2.1000,24.5105,27.9299,27.9299,27.9607,28.0000,0,0,0,normal
107.0,3.7916,-40.2238,2.1000,24.5101,27.9315,27.9315,28.0040,28.0000,0,0,0,normal
107.1,3.7915,-40.2274,2.1000,24.5098,27.9172,27.9172,28.0820,28.0000,0,0,0,normal
107.2,3.7914,-40.2308,2.1000,24.5094,28.0308,28.0308,27.8885,28.0000,0,0,0,normal
107.3,3.7912,-40.2338,2.1000,24.5091,27.9686,27.9686,28.0271,28.0000,0,0,0,normal
107.4,3.7911,-40.2366,2.1000,24.5088,27.9777,27.9777,28.0579,28.0000,0,0,0,normal
107.5,3.7910,-40.2392,2.1000,24.5084,27.9957,27.9957,27.8999,28.0000,0,0,0,normal
107.6,3.7909,-40.2415,2.1000,24.5081,28.1830,28.1830,28.0179,28.0000,0,0,0,normal
107.7,3.7908,-40.2435,2.1000,24.5077,28.0085,28.0085,27.9704,28.0000,0,0,0,normal
107.8,3.7906,-40.2453,2.1000,24.5074,28.1236,28.1236,28.0768,28.0000,0,0,0,normal
107.9,3.7905,-40.2467,2.1000,24.5070,27.9925,27.9925,27.9443,28.0000,0,0,0,normal
108.0,3.7904,-40.2479,2.1000,24.5067,27.9356,27.9356,28.0210,28.0000,0,0,0,normal
108.1,3.7903,-40.2489,2.1000,24.5064,27.9699,27.9699,27.9860,28.0000,0,0,0,normal
108.2,3.7902,-40.2495,2.1000,24.5060,27.9995,27.9995,27.9301,28.0000,0,0,0,normal
108.3,3.7900,-40.2499,2.1000,24.5057,27.9440,27.9440,27.9596,28.0000,0,0,0,normal
108.4,3.7899,-40.2500,2.1000,24.5053,27.9649,27.9649,28.0565,28.0000,0,0,0,normal
108.5,3.7898,-40.2498,2.1000,24.5050,27.9290,27.9290,27.9710,28.0000,0,0,0,normal
108.6,3.7897,-40.2494,2.1000,24.5046,28.0411,28.0411,27.9562,28.0000,0,0,0,normal
108.7,3.7896,-40.2486,2.1000,24.5043,27.9560,27.9560,28.0256,28.0000,0,0,0,normal
108.8,3.7894,-40.2476,2.1000,24.5040,27.9714,27.9714,27.9372,28.0000,0,0,0,normal
108.9,3.7893,-40.2463,2.1000,24.5036,27.9847,27.9847,28.0028,28.0000,0,0,0,normal
109.0,3.7892,-40.2448,2.1000,24.5033,27.9492,27.9492,27.9240,28.0000,0,0,0,normal
109.1,3.7891,-40.2429,2.1000,24.5029,28.1042,28.1042,28.0247,28.0000,0,0,0,normal
109.2,3.7890,-40.2408,2.1000,24.5026,27.7748,27.7748,27.8960,28.0000,0,0,0,normal
109.3,3.7888,-40.2385,2.1000,24.5022,27.9418,27.9418,27.9130,28.0000,0,0,0,normal
109.4,3.7887,-40.2358,2.1000,24.5019,28.0218,28.0218,27.8981,28.0000,0,0,0,normal
109.5,3.7886,-40.2329,2.1000,24.5016,27.9930,27.9930,28.0214,28.0000,0,0,0,normal
109.6,3.7885,-40.2298,2.1000,24.5012,28.0385,28.0385,28.0167,28.0000,0,0,0,normal
109.7,3.7884,-40.2264,2.1000,24.5009,27.9381,27.9381,28.0477,28.0000,0,0,0,normal
109.8,3.7882,-40.2227,2.1000,24.5005,27.9889,27.9889,27.9939,28.0000,0,0,0,normal
109.9,3.7881,-40.2188,2.1000,24.5002,28.1581,28.1581,27.9005,28.0000,0,0,0,normal
110.0,3.7880,-40.2146,0.0000,24.4998,27.9574,27.9574,28.0424,28.3901,1,0,0,coolant_pump_failure
110.1,3.7851,-40.2102,0.0000,24.4995,28.5610,28.5610,28.2687,28.0727,1,0,0,coolant_pump_failure
110.2,3.7821,-40.2056,0.0000,24.4992,29.0198,29.0198,28.4163,28.1455,1,0,0,coolant_pump_failure
110.3,3.7792,-40.2008,0.0000,24.4988,29.3762,29.3762,28.7796,28.2182,1,0,0,coolant_pump_failure
110.4,3.7762,-40.1957,0.0000,24.4985,30.0070,30.0070,28.9847,28.2909,1,0,0,coolant_pump_failure
110.5,3.7733,-40.1904,0.0000,24.4981,30.6128,30.6128,29.0798,28.3636,1,0,0,coolant_pump_failure
110.6,3.7704,-40.1849,0.0000,24.4978,30.9529,30.9529,29.3817,28.4364,1,0,0,coolant_pump_failure
110.7,3.7674,-40.1792,0.0000,24.4974,31.3197,31.3197,29.6192,28.5091,1,0,0,coolant_pump_failure
110.8,3.7645,-40.1733,0.0000,24.4971,31.9234,31.9234,29.7688,28.5818,1,0,0,coolant_pump_failure
110.9,3.7616,-40.1672,0.0000,24.4968,32.3373,32.3373,30.0390,28.6545,1,0,0,coolant_pump_failure
111.0,3.7586,-40.1609,0.0000,24.4964,32.7817,32.7817,30.2947,28.7273,1,0,0,coolant_pump_failure
111.1,3.7557,-40.1544,0.0000,24.4961,33.2464,33.2464,30.4959,28.8000,1,0,0,coolant_pump_failure
111.2,3.7527,-40.1478,0.0000,24.4957,33.9917,33.9917,30.6986,28.8727,1,0,0,coolant_pump_failure
111.3,3.7498,-40.1410,0.0000,24.4954,34.1804,34.1804,30.9439,28.9455,1,0,0,coolant_pump_failure
111.4,3.7469,-40.1340,0.0000,24.4950,34.6311,34.6311,31.2661,29.0182,1,0,0,coolant_pump_failure
111.5,3.7439,-40.1269,0.0000,24.4947,35.2794,35.2794,31.4507,29.0909,1,0,0,coolant_pump_failure
111.6,3.7410,-40.1197,0.0000,24.4944,35.6465,35.6465,31.6623,29.1636,1,0,0,coolant_pump_failure
111.7,3.7381,-40.1123,0.0000,24.4940,36.1189,36.1189,31.8936,29.2364,1,0,0,coolant_pump_failure
111.8,3.7351,-40.1048,0.0000,24.4937,36.6522,36.6522,32.1189,29.3091,1,0,0,coolant_pump_failure
111.9,3.7322,-40.0972,0.0000,24.4933,37.1351,37.1351,32.3145,29.3818,1,0,0,coolant_pump_failure
112.0,3.7292,-40.0894,0.0000,24.4930,37.5369,37.5369,32.5522,29.4545,1,0,0,coolant_pump_failure
112.1,3.7263,-40.0816,0.0000,24.4927,38.0452,38.0452,32.6906,29.5273,1,0,0,coolant_pump_failure
112.2,3.7234,-40.0737,0.0000,24.4923,38.5990,38.5990,33.0618,29.6000,1,0,0,coolant_pump_failure
112.3,3.7204,-40.0657,0.0000,24.4920,39.0194,39.0194,33.1940,29.6727,1,0,0,coolant_pump_failure
112.4,3.7175,-40.0576,0.0000,24.4916,39.5432,39.5432,33.4709,29.7455,1,0,0,coolant_pump_failure
112.5,3.7145,-40.0494,0.0000,24.4913,39.9934,39.9934,33.6196,29.8182,1,0,0,coolant_pump_failure
112.6,3.7116,-40.0413,0.0000,24.4909,40.4826,40.4826,33.9616,29.8909,1,0,0,coolant_pump_failure
112.7,3.7087,-40.0330,0.0000,24.4906,40.9597,40.9597,34.0628,29.9636,1,0,0,coolant_pump_failure
112.8,3.7057,-40.0247,0.0000,24.4903,41.5804,41.5804,34.3991,30.0364,1,0,0,coolant_pump_failure
112.9,3.7028,-40.0164,0.0000,24.4899,42.0361,42.0361,34.6349,30.1091,1,0,0,coolant_pump_failure
113.0,3.6999,-40.0081,0.0000,24.4896,42.3372,42.3372,34.8861,30.1818,1,0,0,coolant_pump_failure
113.1,3.6969,-39.9998,0.0000,24.4892,42.9095,42.9095,35.0176,30.2545,1,0,0,coolant_pump_failure
113.2,3.6940,-39.9914,0.0000,24.4889,43.4735,43.4735,35.2090,30.3273,1,0,0,coolant_pump_failure
113.3,3.6910,-39.9831,0.0000,24.4886,43.9294,43.9294,35.4369,30.4000,1,0,0,coolant_pump_failure
113.4,3.6881,-39.9748,0.0000,24.4882,44.3333,44.3333,35.7163,30.4727,1,0,0,coolant_pump_failure
113.5,3.6852,-39.9665,0.0000,24.4879,45.0186,45.0186,35.9200,30.5455,1,0,0,coolant_pump_failure
113.6,3.6822,-39.9583,0.0000,24.4875,45.3116,45.3116,36.1355,30.6182,1,0,0,coolant_pump_failure
113.7,3.6793,-39.9501,0.0000,24.4872,45.8386,45.8386,36.5243,30.6909,1,0,0,coolant_pump_failure
113.8,3.6763,-39.9420,0.0000,24.4868,46.2777,46.2777,36.7112,30.7636,1,0,0,coolant_pump_failure
113.9,3.6734,-39.9339,0.0000,24.4865,46.7907,46.7907,36.9021,30.8364,1,0,0,coolant_pump_failure
114.0,3.6705,-39.9259,0.0000,24.4862,47.2172,47.2172,37.0620,30.9091,1,0,0,coolant_pump_failure
114.1,3.6675,-39.9180,0.0000,24.4858,47.7334,47.7334,37.3151,30.9818,1,0,0,coolant_pump_failure
114.2,3.6646,-39.9102,0.0000,24.4855,48.2356,48.2356,37.3808,31.0545,1,0,0,coolant_pump_failure
114.3,3.6617,-39.9024,0.0000,24.4851,48.6925,48.6925,37.7776,31.1273,1,0,0,coolant_pump_failure
114.4,3.6587,-39.8948,0.0000,24.4848,49.1530,49.1530,37.9781,31.2000,1,0,0,coolant_pump_failure
114.5,3.6558,-39.8873,0.0000,24.4845,49.7100,49.7100,38.2728,31.2727,1,0,0,coolant_pump_failure
114.6,3.6528,-39.8799,0.0000,24.4841,50.3375,50.3375,38.3778,31.3455,1,0,0,coolant_pump_failure
114.7,3.6499,-39.8727,0.0000,24.4838,50.7422,50.7422,38.6968,31.4182,1,0,0,coolant_pump_failure
114.8,3.6470,-39.8656,0.0000,24.4834,51.3443,51.3443,38.9693,31.4909,1,0,0,coolant_pump_failure
114.9,3.6440,-39.8587,0.0000,24.4831,51.6926,51.6926,39.1291,31.5636,1,0,0,coolant_pump_failure
115.0,3.6411,-39.8519,0.0000,24.4828,52.0603,52.0603,39.2936,31.6364,1,0,0,coolant_pump_failure
115.1,3.6382,-39.8452,0.0000,24.4824,52.5168,52.5168,39.5845,31.7091,1,0,0,coolant_pump_failure
115.2,3.6352,-39.8388,0.0000,24.4821,52.9524,52.9524,39.8799,31.7818,1,0,0,coolant_pump_failure
115.3,3.6323,-39.8325,0.0000,24.4817,53.3825,53.3825,40.0503,31.8545,1,0,0,coolant_pump_failure
115.4,3.6293,-39.8264,0.0000,24.4814,53.9228,53.9228,40.3188,31.9273,1,0,0,coolant_pump_failure
115.5,3.6264,-39.8205,0.0000,24.4811,54.4688,54.4688,40.4748,32.0000,1,0,0,coolant_pump_failure
115.6,3.6235,-39.8148,0.0000,24.4807,55.0127,55.0127,40.7014,32.0727,1,0,0,coolant_pump_failure
115.7,3.6205,-39.8093,0.0000,24.4804,55.4742,55.4742,40.9754,32.1455,1,0,0,coolant_pump_failure
115.8,3.6176,-39.8040,0.0000,24.4801,55.9459,55.9459,41.1246,32.2182,1,0,0,coolant_pump_failure
115.9,3.6146,-39.7990,0.0000,24.4797,56.4779,56.4779,41.5375,32.2909,1,0,0,coolant_pump_failure
116.0,3.6117,-39.7941,0.0000,24.4794,56.8334,56.8334,41.5733,32.3636,1,0,0,coolant_pump_failure
116.1,3.6088,-39.7895,0.0000,24.4790,57.3172,57.3172,41.8260,32.4364,1,0,0,coolant_pump_failure
116.2,3.6058,-39.7851,0.0000,24.4787,57.9858,57.9858,42.1027,32.5091,1,0,0,coolant_pump_failure
116.3,3.6029,-39.7810,0.0000,24.4784,58.3650,58.3650,42.3058,32.5818,1,0,0,coolant_pump_failure
116.4,3.6000,-39.7771,0.0000,24.4780,58.8809,58.8809,42.5761,32.6545,1,0,0,coolant_pump_failure
116.5,3.5970,-39.7734,0.0000,24.4777,59.3373,59.3373,42.7005,32.7273,1,0,0,coolant_pump_failure
116.6,3.5941,-39.7701,0.0000,24.4774,59.7909,59.7909,43.0723,32.8000,1,0,0,coolant_pump_failure
116.7,3.5911,-39.7669,0.0000,24.4770,60.3547,60.3547,43.2541,32.8727,1,0,0,coolant_pump_failure
116.8,3.5882,-39.7640,0.0000,24.4767,60.6898,60.6898,43.4617,32.9455,1,0,0,coolant_pump_failure
116.9,3.5853,-39.7614,0.0000,24.4763,61.1955,61.1955,43.6521,33.0182,1,0,0,coolant_pump_failure
117.0,3.5823,-39.7591,0.0000,24.4760,61.8072,61.8072,43.9075,33.0909,1,0,0,coolant_pump_failure
117.1,3.5794,-39.7570,0.0000,24.4757,62.1755,62.1755,44.1201,33.1636,1,0,0,coolant_pump_failure
117.2,3.5765,-39.7551,0.0000,24.4753,62.7563,62.7563,44.4052,33.2364,1,0,0,coolant_pump_failure
117.3,3.5735,-39.7536,0.0000,24.4750,63.2232,63.2232,44.5331,33.3091,1,0,0,coolant_pump_failure
117.4,3.5706,-39.7523,0.0000,24.4747,63.6360,63.6360,44.8169,33.3818,1,0,0,coolant_pump_failure
117.5,3.5676,-39.7513,0.0000,24.4743,64.1069,64.1069,45.0254,33.4545,1,0,0,coolant_pump_failure
117.6,3.5647,-39.7506,0.0000,24.4740,64.5517,64.5517,45.4203,33.5273,1,0,0,coolant_pump_failure
117.7,3.5618,-39.7502,0.0000,24.4737,65.1241,65.1241,45.5359,33.6000,1,0,0,coolant_pump_failure
117.8,3.5588,-39.7500,0.0000,24.4733,65.7297,65.7297,45.6147,33.6727,1,0,0,coolant_pump_failure
117.9,3.5559,-39.7501,0.0000,24.4730,66.2257,66.2257,46.0187,33.7455,1,0,0,coolant_pump_failure
118.0,3.5529,-39.7505,0.0000,24.4727,66.6833,66.6833,46.2458,33.8182,1,0,0,coolant_pump_failure
118.1,3.5500,-39.7512,0.0000,24.4723,67.0607,67.0607,46.4360,33.8909,1,0,0,coolant_pump_failure
118.2,3.5471,-39.7521,0.0000,24.4720,67.4560,67.4560,46.6269,33.9636,1,0,0,coolant_pump_failure
118.3,3.5441,-39.7533,0.0000,24.4717,67.9051,67.9051,46.8592,34.0364,1,0,0,coolant_pump_failure
118.4,3.5412,-39.7548,0.0000,24.4713,68.3112,68.3112,47.0098,34.1091,1,0,0,coolant_pump_failure
118.5,3.5383,-39.7566,0.0000,24.4710,68.8948,68.8948,47.3600,34.1818,1,0,0,coolant_pump_failure
118.6,3.5353,-39.7586,0.0000,24.4707,69.4691,69.4691,47.4999,34.2545,1,0,0,coolant_pump_failure
118.7,3.5324,-39.7609,0.0000,24.4703,69.8209,69.8209,47.7861,34.3273,1,0,0,coolant_pump_failure
118.8,3.5294,-39.7635,0.0000,24.4700,70.4014,70.4014,48.0082,34.4000,1,0,0,coolant_pump_failure
118.9,3.5265,-39.7663,0.0000,24.4697,70.9095,70.9095,48.1344,34.4727,1,0,0,coolant_pump_failure
119.0,3.5236,-39.7694,0.0000,24.4693,71.4682,71.4682,48.3859,34.5455,1,0,0,coolant_pump_failure
119.1,3.5206,-39.7728,0.0000,24.4690,71.8098,71.8098,48.5743,34.6182,1,0,0,coolant_pump_failure
119.2,3.5177,-39.7764,0.0000,24.4687,72.2943,72.2943,48.8611,34.6909,1,0,0,coolant_pump_failure
119.3,3.5147,-39.7802,0.0000,24.4683,72.9388,72.9388,49.1585,34.7636,1,0,0,coolant_pump_failure
119.4,3.5118,-39.7843,0.0000,24.4680,73.3326,73.3326,49.5429,34.8364,1,0,0,coolant_pump_failure
119.5,3.5089,-39.7886,0.0000,24.4677,73.8259,73.8259,49.5254,34.9091,1,0,0,coolant_pump_failure
119.6,3.5059,-39.7932,0.0000,24.4674,74.1865,74.1865,49.9191,34.9818,1,0,0,coolant_pump_failure
119.7,3.5030,-39.7980,0.0000,24.4670,74.6883,74.6883,49.9502,35.0545,1,0,0,coolant_pump_failure
119.8,3.5001,-39.8030,0.0000,24.4667,75.2754,75.2754,50.3591,35.1273,1,0,0,coolant_pump_failure
119.9,3.4971,-39.8083,0.0000,24.4664,75.6950,75.6950,50.4677,35.2000,1,0,0,coolant_pump_failure
120.0,3.4942,-39.8137,0.0000,24.4660,76.1884,76.1884,50.6435,31.5786,1,1,0,coolant_pump_failure;single_cell_thermal_runaway
120.1,3.4912,-39.8194,0.0000,24.4657,76.7100,76.7100,50.8828,35.3455,1,1,0,coolant_pump_failure;single_cell_thermal_runaway
120.2,3.4883,-39.8252,0.0000,24.4654,77.1267,77.1267,51.1728,35.4182,1,1,0,coolant_pump_failure;single_cell_thermal_runaway
120.3,3.4854,-39.8313,0.0000,24.4650,77.7183,77.7183,51.4629,35.4909,1,1,0,coolant_pump_failure;single_cell_thermal_runaway
120.4,3.4824,-39.8375,0.0000,24.4647,78.1079,78.1079,51.6161,35.5636,1,1,0,coolant_pump_failure;single_cell_thermal_runaway
120.5,3.4795,-39.8440,0.0000,24.4644,78.6841,78.6841,51.8241,35.6364,1,1,0,coolant_pump_failure;single_cell_thermal_runaway
120.6,3.4766,-39.8506,0.0000,24.4641,79.1277,79.1277,52.1507,35.7091,1,1,0,coolant_pump_failure;single_cell_thermal_runaway
120.7,3.4736,-39.8573,0.0000,24.4637,79.5009,79.5009,52.3065,35.7818,1,1,0,coolant_pump_failure;single_cell_thermal_runaway
120.8,3.4707,-39.8642,0.0000,24.4634,80.0718,80.0718,52.6004,35.8545,1,1,0,coolant_pump_failure;single_cell_thermal_runaway
120.9,3.4677,-39.8713,0.0000,24.4631,80.5945,80.5945,52.8070,35.9273,1,1,0,coolant_pump_failure;single_cell_thermal_runaway
121.0,3.4648,-39.8785,0.0000,24.4628,81.0349,81.0349,52.8926,36.0000,1,1,0,coolant_pump_failure;single_cell_thermal_runaway
121.1,3.4619,-39.8859,0.0000,24.4624,81.3858,81.3858,53.1826,36.0727,1,1,0,coolant_pump_failure;single_cell_thermal_runaway
121.2,3.4589,-39.8934,0.0000,24.4621,81.9282,81.9282,53.4583,36.1455,1,1,0,coolant_pump_failure;single_cell_thermal_runaway
121.3,3.4560,-39.9010,0.0000,24.4618,82.5010,82.5010,53.7333,36.2182,1,1,0,coolant_pump_failure;single_cell_thermal_runaway
121.4,3.4530,-39.9087,0.0000,24.4615,82.9981,82.9981,53.8469,36.2909,1,1,0,coolant_pump_failure;single_cell_thermal_runaway
121.5,3.4501,-39.9165,0.0000,24.4611,83.5169,83.5169,54.1341,36.3636,1,1,0,coolant_pump_failure;single_cell_thermal_runaway
121.6,3.4472,-39.9244,0.0000,24.4608,83.8539,83.8539,54.3832,36.4364,1,1,0,coolant_pump_failure;single_cell_thermal_runaway
121.7,3.4442,-39.9323,0.0000,24.4605,84.3658,84.3658,54.6612,36.5091,1,1,0,coolant_pump_failure;single_cell_thermal_runaway
121.8,3.4413,-39.9404,0.0000,24.4602,84.7682,84.7682,54.8338,36.5818,1,1,0,coolant_pump_failure;single_cell_thermal_runaway
121.9,3.4384,-39.9485,0.0000,24.4598,85.3566,85.3566,54.9559,36.6545,1,1,0,coolant_pump_failure;single_cell_thermal_runaway
122.0,3.4354,-39.9567,0.0000,24.4595,85.8719,85.8719,55.1758,36.7273,1,1,0,coolant_pump_failure;single_cell_thermal_runaway
122.1,3.4325,-39.9649,0.0000,24.4592,86.3953,86.3953,55.4409,36.8000,1,1,0,coolant_pump_failure;single_cell_thermal_runaway
122.2,3.4295,-39.9732,0.0000,24.4589,86.8114,86.8114,55.6412,36.8727,1,1,0,coolant_pump_failure;single_cell_thermal_runaway
122.3,3.4266,-39.9815,0.0000,24.4585,87.4234,87.4234,55.8880,36.9455,1,1,0,coolant_pump_failure;single_cell_thermal_runaway
122.4,3.4237,-39.9898,0.0000,24.4582,87.7737,87.7737,56.1200,37.0182,1,1,0,coolant_pump_failure;single_cell_thermal_runaway
122.5,3.4207,-39.9982,0.0000,24.4579,88.1010,88.1010,56.5218,37.0909,1,1,0,coolant_pump_failure;single_cell_thermal_runaway
122.6,3.4178,-40.0065,0.0000,24.4576,88.7410,88.7410,56.6675,37.1636,1,1,0,coolant_pump_failure;single_cell_thermal_runaway
122.7,3.4149,-40.0148,0.0000,24.4573,89.1933,89.1933,56.9111,37.2364,1,1,0,coolant_pump_failure;single_cell_thermal_runaway
122.8,3.4119,-40.0231,0.0000,24.4569,89.7205,89.7205,57.1939,37.3091,1,1,0,coolant_pump_failure;single_cell_thermal_runaway
122.9,3.4090,-40.0314,0.0000,24.4566,90.1415,90.1415,57.3702,37.3818,1,1,0,coolant_pump_failure;single_cell_thermal_runaway
123.0,3.4060,-40.0397,0.0000,24.4563,90.6637,90.6637,57.5495,37.4545,1,1,0,coolant_pump_failure;single_cell_thermal_runaway
123.1,3.4031,-40.0479,0.0000,24.4560,91.0203,91.0203,57.7028,37.5273,1,1,0,coolant_pump_failure;single_cell_thermal_runaway
123.2,3.4002,-40.0560,0.0000,24.4557,91.5584,91.5584,58.0724,37.6000,1,1,0,coolant_pump_failure;single_cell_thermal_runaway
123.3,3.3972,-40.0641,0.0000,24.4553,92.0380,92.0380,58.2210,37.6727,1,1,0,coolant_pump_failure;single_cell_thermal_runaway
123.4,3.3943,-40.0721,0.0000,24.4550,92.6030,92.6030,58.4400,37.7455,1,1,0,coolant_pump_failure;single_cell_thermal_runaway
123.5,3.3913,-40.0801,0.0000,24.4547,93.0948,93.0948,58.6749,37.8182,1,1,0,coolant_pump_failure;single_cell_thermal_runaway
123.6,3.3884,-40.0879,0.0000,24.4544,93.4715,93.4715,58.8604,37.8909,1,1,0,coolant_pump_failure;single_cell_thermal_runaway
123.7,3.3855,-40.0957,0.0000,24.4541,93.9881,93.9881,59.1660,37.9636,1,1,0,coolant_pump_failure;single_cell_thermal_runaway
123.8,3.3825,-40.1033,0.0000,24.4538,94.3164,94.3164,59.2902,38.0364,1,1,0,coolant_pump_failure;single_cell_thermal_runaway
123.9,3.3796,-40.1108,0.0000,24.4534,94.9993,94.9993,59.5965,38.1091,1,1,0,coolant_pump_failure;single_cell_thermal_runaway
124.0,3.3767,-40.1182,0.0000,24.4531,95.4468,95.4468,59.8174,38.1818,1,1,0,coolant_pump_failure;single_cell_thermal_runaway
124.1,3.3737,-40.1255,0.0000,24.4528,95.9896,95.9896,59.9806,38.2545,1,1,0,coolant_pump_failure;single_cell_thermal_runaway
124.2,3.3708,-40.1326,0.0000,24.4525,96.5005,96.5005,60.3429,38.3273,1,1,0,coolant_pump_failure;single_cell_thermal_runaway
124.3,3.3678,-40.1396,0.0000,24.4522,96.9749,96.9749,60.5635,38.4000,1,1,0,coolant_pump_failure;single_cell_thermal_runaway
124.4,3.3649,-40.1465,0.0000,24.4519,97.4728,97.4728,60.7468,38.4727,1,1,0,coolant_pump_failure;single_cell_thermal_runaway
124.5,3.3620,-40.1531,0.0000,24.4516,97.7616,97.7616,60.9429,38.5455,1,1,0,coolant_pump_failure;single_cell_thermal_runaway
124.6,3.3590,-40.1596,0.0000,24.4512,98.2790,98.2790,61.1539,38.6182,1,1,0,coolant_pump_failure;single_cell_thermal_runaway
124.7,3.3561,-40.1660,0.0000,24.4509,98.7772,98.7772,61.3370,38.6909,1,1,0,coolant_pump_failure;single_cell_thermal_runaway
124.8,3.3531,-40.1721,0.0000,24.4506,99.4763,99.4763,61.5254,38.7636,1,1,0,coolant_pump_failure;single_cell_thermal_runaway
124.9,3.3502,-40.1781,0.0000,24.4503,99.7369,99.7369,61.7091,38.8364,1,1,0,coolant_pump_failure;single_cell_thermal_runaway
125.0,3.3473,-40.1838,0.0000,24.4500,100.3477,100.3477,62.0513,38.9091,1,1,0,coolant_pump_failure;single_cell_thermal_runaway
125.1,3.3443,-40.1893,0.0000,24.4497,100.7587,100.7587,62.4736,38.9818,1,1,0,coolant_pump_failure;single_cell_thermal_runaway
125.2,3.3414,-40.1947,0.0000,24.4494,101.3196,101.3196,62.5180,39.0545,1,1,0,coolant_pump_failure;single_cell_thermal_runaway
125.3,3.3385,-40.1998,0.0000,24.4491,101.7657,101.7657,62.6866,39.1273,1,1,0,coolant_pump_failure;single_cell_thermal_runaway
125.4,3.3355,-40.2047,0.0000,24.4488,102.2305,102.2305,63.0141,39.2000,1,1,0,coolant_pump_failure;single_cell_thermal_runaway
125.5,3.3326,-40.2094,0.0000,24.4484,102.7076,102.7076,63.1161,39.2727,1,1,0,coolant_pump_failure;single_cell_thermal_runaway
125.6,3.3296,-40.2138,0.0000,24.4481,103.0467,103.0467,63.4371,39.3455,1,1,0,coolant_pump_failure;single_cell_thermal_runaway
125.7,3.3267,-40.2180,0.0000,24.4478,103.5466,103.5466,63.5747,39.4182,1,1,0,coolant_pump_failure;single_cell_thermal_runaway
125.8,3.3238,-40.2220,0.0000,24.4475,104.2549,104.2549,63.9141,39.4909,1,1,0,coolant_pump_failure;single_cell_thermal_runaway
125.9,3.3208,-40.2257,0.0000,24.4472,104.6363,104.6363,64.1197,39.5636,1,1,0,coolant_pump_failure;single_cell_thermal_runaway
126.0,3.3179,-40.2291,0.0000,24.4469,105.0140,105.0140,64.3007,39.6364,1,1,0,coolant_pump_failure;single_cell_thermal_runaway
126.1,3.3150,-40.2323,0.0000,24.4466,105.6486,105.6486,64.5707,39.7091,1,1,0,coolant_pump_failure;single_cell_thermal_runaway
126.2,3.3120,-40.2353,0.0000,24.4463,106.1401,106.1401,64.7429,39.7818,1,1,0,coolant_pump_failure;single_cell_thermal_runaway
126.3,3.3091,-40.2380,0.0000,24.4460,106.5334,106.5334,65.1615,39.8545,1,1,0,coolant_pump_failure;single_cell_thermal_runaway
126.4,3.3061,-40.2404,0.0000,24.4457,106.9884,106.9884,65.2730,39.9273,1,1,0,coolant_pump_failure;single_cell_thermal_runaway
126.5,3.3032,-40.2425,0.0000,24.4454,107.5886,107.5886,65.4063,40.0000,1,1,0,coolant_pump_failure;single_cell_thermal_runaway
126.6,3.3003,-40.2444,0.0000,24.4451,108.0204,108.0204,65.7708,40.0727,1,1,0,coolant_pump_failure;single_cell_thermal_runaway
126.7,3.2973,-40.2460,0.0000,24.4448,108.6054,108.6054,65.9229,40.1455,1,1,0,coolant_pump_failure;single_cell_thermal_runaway
126.8,3.2944,-40.2474,0.0000,24.4445,108.9585,108.9585,66.1072,40.2182,1,1,0,coolant_pump_failure;single_cell_thermal_runaway
126.9,3.2914,-40.2484,0.0000,24.4441,109.5515,109.5515,66.2570,40.2909,1,1,0,coolant_pump_failure;single_cell_thermal_runaway
127.0,3.2885,-40.2492,0.0000,24.4438,109.8671,109.8671,66.5995,40.3636,1,1,0,coolant_pump_failure;single_cell_thermal_runaway
127.1,3.2856,-40.2497,0.0000,24.4435,110.3903,110.3903,66.9223,40.4364,1,1,0,coolant_pump_failure;single_cell_thermal_runaway
127.2,3.2826,-40.2500,0.0000,24.4432,110.8188,110.8188,67.0864,40.5091,1,1,0,coolant_pump_failure;single_cell_thermal_runaway
127.3,3.2797,-40.2499,0.0000,24.4429,111.3505,111.3505,67.2925,40.5818,1,1,0,coolant_pump_failure;single_cell_thermal_runaway
127.4,3.2768,-40.2496,0.0000,24.4426,111.8281,111.8281,67.5400,40.6545,1,1,0,coolant_pump_failure;single_cell_thermal_runaway
127.5,3.2738,-40.2490,0.0000,24.4423,112.2767,112.2767,67.7877,40.7273,1,1,0,coolant_pump_failure;single_cell_thermal_runaway
127.6,3.2709,-40.2481,0.0000,24.4420,112.7354,112.7354,68.0083,40.8000,1,1,0,coolant_pump_failure;single_cell_thermal_runaway
127.7,3.2679,-40.2470,0.0000,24.4417,113.3087,113.3087,68.1703,40.8727,1,1,0,coolant_pump_failure;single_cell_thermal_runaway
127.8,3.2650,-40.2456,0.0000,24.4414,113.6474,113.6474,68.3612,40.9455,1,1,0,coolant_pump_failure;single_cell_thermal_runaway
127.9,3.2621,-40.2439,0.0000,24.4411,114.2678,114.2678,68.7014,41.0182,1,1,0,coolant_pump_failure;single_cell_thermal_runaway
128.0,3.2591,-40.2419,0.0000,24.4408,114.6908,114.6908,68.8150,41.0909,1,1,0,coolant_pump_failure;single_cell_thermal_runaway
128.1,3.2562,-40.2397,0.0000,24.4405,115.2199,115.2199,69.1721,41.1636,1,1,0,coolant_pump_failure;single_cell_thermal_runaway
128.2,3.2533,-40.2372,0.0000,24.4402,115.6945,115.6945,69.3438,41.2364,1,1,0,coolant_pump_failure;single_cell_thermal_runaway
128.3,3.2503,-40.2344,0.0000,24.4399,116.0844,116.0844,69.5678,41.3091,1,1,0,coolant_pump_failure;single_cell_thermal_runaway
128.4,3.2474,-40.2314,0.0000,24.4396,116.8675,116.8675,69.7062,41.3818,1,1,0,coolant_pump_failure;single_cell_thermal_runaway
128.5,3.2444,-40.2281,0.0000,24.4394,117.1742,117.1742,70.0241,41.4545,1,1,0,coolant_pump_failure;single_cell_thermal_runaway
128.6,3.2415,-40.2245,0.0000,24.4391,117.5789,117.5789,70.2987,41.5273,1,1,0,coolant_pump_failure;single_cell_thermal_runaway
128.7,3.2386,-40.2208,0.0000,24.4388,118.1965,118.1965,70.5218,41.6000,1,1,0,coolant_pump_failure;single_cell_thermal_runaway
128.8,3.2356,-40.2167,0.0000,24.4385,118.6166,118.6166,70.7121,41.6727,1,1,0,coolant_pump_failure;single_cell_thermal_runaway
128.9,3.2327,-40.2125,0.0000,24.4382,118.9536,118.9536,70.9724,41.7455,1,1,0,coolant_pump_failure;single_cell_thermal_runaway
129.0,3.2297,-40.2079,0.0000,24.4379,119.6616,119.6616,71.0901,41.8182,1,1,0,coolant_pump_failure;single_cell_thermal_runaway
129.1,3.2268,-40.2032,0.0000,24.4376,119.8178,119.8178,71.3143,41.8909,1,1,0,coolant_pump_failure;single_cell_thermal_runaway
129.2,3.2239,-40.1982,0.0000,24.4373,120.4948,120.4948,71.6152,41.9636,1,1,0,coolant_pump_failure;single_cell_thermal_runaway
129.3,3.2209,-40.1931,0.0000,24.4370,121.0099,121.0099,71.8985,42.0364,1,1,0,coolant_pump_failure;single_cell_thermal_runaway
129.4,3.2180,-40.1876,0.0000,24.4367,121.5150,121.5150,72.1227,42.1091,1,1,0,coolant_pump_failure;single_cell_thermal_runaway
129.5,3.2151,-40.1820,0.0000,24.4364,121.9142,121.9142,72.1827,42.1818,1,1,0,coolant_pump_failure;single_cell_thermal_runaway
129.6,3.2121,-40.1762,0.0000,24.4361,122.4315,122.4315,72.5956,42.2545,1,1,0,coolant_pump_failure;single_cell_thermal_runaway
129.7,3.2092,-40.1702,0.0000,24.4358,122.8793,122.8793,72.8616,42.3273,1,1,0,coolant_pump_failure;single_cell_thermal_runaway
129.8,3.2062,-40.1640,0.0000,24.4355,123.3614,123.3614,73.0900,42.4000,1,1,0,coolant_pump_failure;single_cell_thermal_runaway
129.9,3.2033,-40.1576,0.0000,24.4353,123.8985,123.8985,73.2139,42.4727,1,1,0,coolant_pump_failure;single_cell_thermal_runaway
130.0,3.2004,-40.1511,0.0000,24.4350,124.4140,124.4140,73.4039,42.5455,1,1,0,coolant_pump_failure;single_cell_thermal_runaway
130.1,3.1974,-40.1444,0.0000,24.4347,124.7838,124.7838,73.7584,42.6182,1,1,0,coolant_pump_failure;single_cell_thermal_runaway
130.2,3.1945,-40.1375,0.0000,24.4344,125.3292,125.3292,73.9122,42.6909,1,1,0,coolant_pump_failure;single_cell_thermal_runaway
130.3,3.1915,-40.1305,0.0000,24.4341,125.7643,125.7643,74.2218,42.7636,1,1,0,coolant_pump_failure;single_cell_thermal_runaway
130.4,3.1886,-40.1233,0.0000,24.4338,126.4602,126.4602,74.5092,42.8364,1,1,0,coolant_pump_failure;single_cell_thermal_runaway
130.5,3.1857,-40.1160,0.0000,24.4335,126.7941,126.7941,74.5915,42.9091,1,1,0,coolant_pump_failure;single_cell_thermal_runaway
130.6,3.1827,-40.1085,0.0000,24.4333,127.2723,127.2723,74.8148,42.9818,1,1,0,coolant_pump_failure;single_cell_thermal_runaway
130.7,3.1798,-40.1009,0.0000,24.4330,127.7493,127.7493,74.9592,43.0545,1,1,0,coolant_pump_failure;single_cell_thermal_runaway
130.8,3.1769,-40.0933,0.0000,24.4327,128.0712,128.0712,75.2095,43.1273,1,1,0,coolant_pump_failure;single_cell_thermal_runaway
130.9,3.1739,-40.0855,0.0000,24.4324,128.7030,128.7030,75.3341,43.2000,1,1,0,coolant_pump_failure;single_cell_thermal_runaway
131.0,3.1710,-40.0776,0.0000,24.4321,129.2281,129.2281,75.7940,43.2727,1,1,0,coolant_pump_failure;single_cell_thermal_runaway
131.1,3.1680,-40.0696,0.0000,24.4318,129.6235,129.6235,75.9057,43.3455,1,1,0,coolant_pump_failure;single_cell_thermal_runaway
131.2,3.1651,-40.0616,0.0000,24.4316,130.2059,130.2059,76.0805,43.4182,1,1,0,coolant_pump_failure;single_cell_thermal_runaway
131.3,3.1622,-40.0535,0.0000,24.4313,130.6228,130.6228,76.4480,43.4909,1,1,0,coolant_pump_failure;single_cell_thermal_runaway
131.4,3.1592,-40.0453,0.0000,24.4310,131.0853,131.0853,76.6352,43.5636,1,1,0,coolant_pump_failure;single_cell_thermal_runaway
131.5,3.1563,-40.0371,0.0000,24.4307,131.5634,131.5634,76.8461,43.6364,1,1,0,coolant_pump_failure;single_cell_thermal_runaway
131.6,3.1534,-40.0288,0.0000,24.4304,132.1455,132.1455,77.1684,43.7091,1,1,0,coolant_pump_failure;single_cell_thermal_runaway
131.7,3.1504,-40.0206,0.0000,24.4302,132.4297,132.4297,77.3572,43.7818,1,1,0,coolant_pump_failure;single_cell_thermal_runaway
131.8,3.1475,-40.0122,0.0000,24.4299,133.1573,133.1573,77.5125,43.8545,1,1,0,coolant_pump_failure;single_cell_thermal_runaway
131.9,3.1445,-40.0039,0.0000,24.4296,133.4513,133.4513,77.7531,43.9273,1,1,0,coolant_pump_failure;single_cell_thermal_runaway
132.0,3.1416,-39.9956,0.0000,24.4293,133.9239,145.9239,77.8596,35.4048,1,1,1,coolant_pump_failure;single_cell_thermal_runaway;temperature_sensor_bias
132.1,3.1415,-39.9872,0.0000,24.4290,134.0289,146.0289,78.0552,44.0000,1,1,1,coolant_pump_failure;single_cell_thermal_runaway;temperature_sensor_bias
132.2,3.1414,-39.9789,0.0000,24.4288,134.0227,146.0227,77.9942,44.0000,1,1,1,coolant_pump_failure;single_cell_thermal_runaway;temperature_sensor_bias
132.3,3.1412,-39.9706,0.0000,24.4285,134.0959,146.0959,77.9660,44.0000,1,1,1,coolant_pump_failure;single_cell_thermal_runaway;temperature_sensor_bias
132.4,3.1411,-39.9624,0.0000,24.4282,134.0578,146.0578,77.9913,44.0000,1,1,1,coolant_pump_failure;single_cell_thermal_runaway;temperature_sensor_bias
132.5,3.1410,-39.9542,0.0000,24.4279,134.0375,146.0375,78.0444,44.0000,1,1,1,coolant_pump_failure;single_cell_thermal_runaway;temperature_sensor_bias
132.6,3.1409,-39.9460,0.0000,24.4277,133.9543,145.9543,77.9244,44.0000,1,1,1,coolant_pump_failure;single_cell_thermal_runaway;temperature_sensor_bias
132.7,3.1408,-39.9379,0.0000,24.4274,134.0909,146.0909,78.0480,44.0000,1,1,1,coolant_pump_failure;single_cell_thermal_runaway;temperature_sensor_bias
132.8,3.1406,-39.9299,0.0000,24.4271,133.9151,145.9151,78.0000,44.0000,1,1,1,coolant_pump_failure;single_cell_thermal_runaway;temperature_sensor_bias
132.9,3.1405,-39.9219,0.0000,24.4268,134.0416,146.0416,77.9601,44.0000,1,1,1,coolant_pump_failure;single_cell_thermal_runaway;temperature_sensor_bias
133.0,3.1404,-39.9140,0.0000,24.4266,134.0660,146.0660,77.9165,44.0000,1,1,1,coolant_pump_failure;single_cell_thermal_runaway;temperature_sensor_bias
133.1,3.1403,-39.9063,0.0000,24.4263,134.0007,146.0007,77.8806,44.0000,1,1,1,coolant_pump_failure;single_cell_thermal_runaway;temperature_sensor_bias
133.2,3.1402,-39.8986,0.0000,24.4260,134.1422,146.1422,78.0684,44.0000,1,1,1,coolant_pump_failure;single_cell_thermal_runaway;temperature_sensor_bias
133.3,3.1400,-39.8910,0.0000,24.4258,133.9433,145.9433,78.0002,44.0000,1,1,1,coolant_pump_failure;single_cell_thermal_runaway;temperature_sensor_bias
133.4,3.1399,-39.8836,0.0000,24.4255,134.0656,146.0656,78.0668,44.0000,1,1,1,coolant_pump_failure;single_cell_thermal_runaway;temperature_sensor_bias
133.5,3.1398,-39.8763,0.0000,24.4252,134.0267,146.0267,77.9599,44.0000,1,1,1,coolant_pump_failure;single_cell_thermal_runaway;temperature_sensor_bias
133.6,3.1397,-39.8691,0.0000,24.4250,134.0930,146.0930,78.0412,44.0000,1,1,1,coolant_pump_failure;single_cell_thermal_runaway;temperature_sensor_bias
133.7,3.1396,-39.8621,0.0000,24.4247,133.9872,145.9872,77.9246,44.0000,1,1,1,coolant_pump_failure;single_cell_thermal_runaway;temperature_sensor_bias
133.8,3.1394,-39.8552,0.0000,24.4244,134.0541,146.0541,77.9253,44.0000,1,1,1,coolant_pump_failure;single_cell_thermal_runaway;temperature_sensor_bias
133.9,3.1393,-39.8485,0.0000,24.4242,134.0417,146.0417,77.9939,44.0000,1,1,1,coolant_pump_failure;single_cell_thermal_runaway;temperature_sensor_bias
134.0,3.1392,-39.8420,0.0000,24.4239,133.9814,145.9814,77.9789,44.0000,1,1,1,coolant_pump_failure;single_cell_thermal_runaway;temperature_sensor_bias
134.1,3.1391,-39.8356,0.0000,24.4236,133.9969,145.9969,77.9954,44.0000,1,1,1,coolant_pump_failure;single_cell_thermal_runaway;temperature_sensor_bias
134.2,3.1390,-39.8294,0.0000,24.4234,134.0567,146.0567,77.9971,44.0000,1,1,1,coolant_pump_failure;single_cell_thermal_runaway;temperature_sensor_bias
134.3,3.1388,-39.8234,0.0000,24.4231,134.0953,146.0953,78.0845,44.0000,1,1,1,coolant_pump_failure;single_cell_thermal_runaway;temperature_sensor_bias
134.4,3.1387,-39.8176,0.0000,24.4228,133.9538,145.9538,78.1228,44.0000,1,1,1,coolant_pump_failure;single_cell_thermal_runaway;temperature_sensor_bias
134.5,3.1386,-39.8120,0.0000,24.4226,133.9770,145.9770,78.0013,44.0000,1,1,1,coolant_pump_failure;single_cell_thermal_runaway;temperature_sensor_bias
134.6,3.1385,-39.8066,0.0000,24.4223,134.0425,146.0425,78.0663,44.0000,1,1,1,coolant_pump_failure;single_cell_thermal_runaway;temperature_sensor_bias
134.7,3.1384,-39.8014,0.0000,24.4221,134.0084,146.0084,77.9388,44.0000,1,1,1,coolant_pump_failure;single_cell_thermal_runaway;temperature_sensor_bias
134.8,3.1382,-39.7965,0.0000,24.4218,134.1036,146.1036,77.8816,44.0000,1,1,1,coolant_pump_failure;single_cell_thermal_runaway;temperature_sensor_bias
134.9,3.1381,-39.7918,0.0000,24.4215,133.9177,145.9177,78.0341,44.0000,1,1,1,coolant_pump_failure;single_cell_thermal_runaway;temperature_sensor_bias
135.0,3.1380,-39.7873,0.0000,24.4213,133.8674,145.8674,77.9792,44.0000,1,1,1,coolant_pump_failure;single_cell_thermal_runaway;temperature_sensor_bias
135.1,3.1379,-39.7830,0.0000,24.4210,134.0296,146.0296,77.9657,44.0000,1,1,1,coolant_pump_failure;single_cell_thermal_runaway;temperature_sensor_bias
135.2,3.1378,-39.7790,0.0000,24.4208,133.9502,145.9502,77.9101,44.0000,1,1,1,coolant_pump_failure;single_cell_thermal_runaway;temperature_sensor_bias
135.3,3.1376,-39.7752,0.0000,24.4205,133.9486,145.9486,78.0184,44.0000,1,1,1,coolant_pump_failure;single_cell_thermal_runaway;temperature_sensor_bias
135.4,3.1375,-39.7717,0.0000,24.4202,134.0177,146.0177,77.9328,44.0000,1,1,1,coolant_pump_failure;single_cell_thermal_runaway;temperature_sensor_bias
135.5,3.1374,-39.7684,0.0000,24.4200,134.0118,146.0118,78.0007,44.0000,1,1,1,coolant_pump_failure;single_cell_thermal_runaway;temperature_sensor_bias
135.6,3.1373,-39.7654,0.0000,24.4197,134.0028,146.0028,78.0565,44.0000,1,1,1,coolant_pump_failure;single_cell_thermal_runaway;temperature_sensor_bias
135.7,3.1372,-39.7627,0.0000,24.4195,133.9434,145.9434,78.0294,44.0000,1,1,1,coolant_pump_failure;single_cell_thermal_runaway;temperature_sensor_bias
135.8,3.1370,-39.7602,0.0000,24.4192,134.0298,146.0298,78.0505,44.0000,1,1,1,coolant_pump_failure;single_cell_thermal_runaway;temperature_sensor_bias
135.9,3.1369,-39.7580,0.0000,24.4190,134.0804,146.0804,78.0361,44.0000,1,1,1,coolant_pump_failure;single_cell_thermal_runaway;temperature_sensor_bias
136.0,3.1368,-39.7560,0.0000,24.4187,134.0372,146.0372,77.9361,44.0000,1,1,1,coolant_pump_failure;single_cell_thermal_runaway;temperature_sensor_bias
136.1,3.1367,-39.7543,0.0000,24.4185,134.0066,146.0066,78.0411,44.0000,1,1,1,coolant_pump_failure;single_cell_thermal_runaway;temperature_sensor_bias
136.2,3.1366,-39.7529,0.0000,24.4182,134.1026,146.1026,77.9597,44.0000,1,1,1,coolant_pump_failure;single_cell_thermal_runaway;temperature_sensor_bias
136.3,3.1364,-39.7518,0.0000,24.4180,134.0813,146.0813,78.0701,44.0000,1,1,1,coolant_pump_failure;single_cell_thermal_runaway;temperature_sensor_bias
136.4,3.1363,-39.7509,0.0000,24.4177,134.0661,146.0661,78.1168,44.0000,1,1,1,coolant_pump_failure;single_cell_thermal_runaway;temperature_sensor_bias
136.5,3.1362,-39.7504,0.0000,24.4175,134.0294,146.0294,77.9946,44.0000,1,1,1,coolant_pump_failure;single_cell_thermal_runaway;temperature_sensor_bias
136.6,3.1361,-39.7500,0.0000,24.4172,134.1060,146.1060,78.0751,44.0000,1,1,1,coolant_pump_failure;single_cell_thermal_runaway;temperature_sensor_bias
136.7,3.1360,-39.7500,0.0000,24.4170,133.9895,145.9895,77.9999,44.0000,1,1,1,coolant_pump_failure;single_cell_thermal_runaway;temperature_sensor_bias
136.8,3.1358,-39.7503,0.0000,24.4167,134.1553,146.1553,78.0017,44.0000,1,1,1,coolant_pump_failure;single_cell_thermal_runaway;temperature_sensor_bias
136.9,3.1357,-39.7508,0.0000,24.4165,134.0011,146.0011,78.0287,44.0000,1,1,1,coolant_pump_failure;single_cell_thermal_runaway;temperature_sensor_bias
137.0,3.1356,-39.7516,0.0000,24.4162,133.9383,145.9383,77.9383,44.0000,1,1,1,coolant_pump_failure;single_cell_thermal_runaway;temperature_sensor_bias
137.1,3.1355,-39.7527,0.0000,24.4160,133.9501,145.9501,77.9563,44.0000,1,1,1,coolant_pump_failure;single_cell_thermal_runaway;temperature_sensor_bias
137.2,3.1354,-39.7540,0.0000,24.4157,134.2080,146.2080,78.0766,44.0000,1,1,1,coolant_pump_failure;single_cell_thermal_runaway;temperature_sensor_bias
137.3,3.1352,-39.7557,0.0000,24.4155,134.2075,146.2075,78.0521,44.0000,1,1,1,coolant_pump_failure;single_cell_thermal_runaway;temperature_sensor_bias
137.4,3.1351,-39.7576,0.0000,24.4153,133.9852,145.9852,77.9897,44.0000,1,1,1,coolant_pump_failure;single_cell_thermal_runaway;temperature_sensor_bias
137.5,3.1350,-39.7598,0.0000,24.4150,134.0724,146.0724,77.9995,44.0000,1,1,1,coolant_pump_failure;single_cell_thermal_runaway;temperature_sensor_bias
137.6,3.1349,-39.7622,0.0000,24.4148,134.0788,146.0788,78.0379,44.0000,1,1,1,coolant_pump_failure;single_cell_thermal_runaway;temperature_sensor_bias
137.7,3.1348,-39.7649,0.0000,24.4145,133.9574,145.9574,78.0110,44.0000,1,1,1,coolant_pump_failure;single_cell_thermal_runaway;temperature_sensor_bias
137.8,3.1346,-39.7679,0.0000,24.4143,133.8638,145.8638,78.0599,44.0000,1,1,1,coolant_pump_failure;single_cell_thermal_runaway;temperature_sensor_bias
137.9,3.1345,-39.7711,0.0000,24.4141,134.0088,146.0088,78.0793,44.0000,1,1,1,coolant_pump_failure;single_cell_thermal_runaway;temperature_sensor_bias
138.0,3.1344,-39.7746,0.0000,24.4138,134.0562,146.0562,77.8942,44.0000,1,1,1,coolant_pump_failure;single_cell_thermal_runaway;temperature_sensor_bias
138.1,3.1343,-39.7783,0.0000,24.4136,134.0355,146.0355,77.9047,44.0000,1,1,1,coolant_pump_failure;single_cell_thermal_runaway;temperature_sensor_bias
138.2,3.1342,-39.7823,0.0000,24.4133,134.0591,146.0591,78.1037,44.0000,1,1,1,coolant_pump_failure;single_cell_thermal_runaway;temperature_sensor_bias
138.3,3.1340,-39.7865,0.0000,24.4131,134.0811,146.0811,78.0188,44.0000,1,1,1,coolant_pump_failure;single_cell_thermal_runaway;temperature_sensor_bias
138.4,3.1339,-39.7909,0.0000,24.4129,133.9442,145.9442,78.0368,44.0000,1,1,1,coolant_pump_failure;single_cell_thermal_runaway;temperature_sensor_bias
138.5,3.1338,-39.7956,0.0000,24.4126,134.0794,146.0794,78.0751,44.0000,1,1,1,coolant_pump_failure;single_cell_thermal_runaway;temperature_sensor_bias
138.6,3.1337,-39.8005,0.0000,24.4124,133.9508,145.9508,77.8762,44.0000,1,1,1,coolant_pump_failure;single_cell_thermal_runaway;temperature_sensor_bias
138.7,3.1336,-39.8056,0.0000,24.4122,133.9904,145.9904,77.8989,44.0000,1,1,1,coolant_pump_failure;single_cell_thermal_runaway;temperature_sensor_bias
138.8,3.1334,-39.8110,0.0000,24.4119,133.9514,145.9514,78.0008,44.0000,1,1,1,coolant_pump_failure;single_cell_thermal_runaway;temperature_sensor_bias
138.9,3.1333,-39.8166,0.0000,24.4117,133.9506,145.9506,77.9265,44.0000,1,1,1,coolant_pump_failure;single_cell_thermal_runaway;temperature_sensor_bias
139.0,3.1332,-39.8223,0.0000,24.4115,134.0300,146.0300,78.0681,44.0000,1,1,1,coolant_pump_failure;single_cell_thermal_runaway;temperature_sensor_bias
139.1,3.1331,-39.8283,0.0000,24.4112,133.9435,145.9435,77.9922,44.0000,1,1,1,coolant_pump_failure;single_cell_thermal_runaway;temperature_sensor_bias
139.2,3.1330,-39.8344,0.0000,24.4110,134.0570,146.0570,78.0634,44.0000,1,1,1,coolant_pump_failure;single_cell_thermal_runaway;temperature_sensor_bias
139.3,3.1328,-39.8408,0.0000,24.4108,133.9860,145.9860,77.9850,44.0000,1,1,1,coolant_pump_failure;single_cell_thermal_runaway;temperature_sensor_bias
139.4,3.1327,-39.8473,0.0000,24.4105,133.9472,145.9472,77.9923,44.0000,1,1,1,coolant_pump_failure;single_cell_thermal_runaway;temperature_sensor_bias
139.5,3.1326,-39.8540,0.0000,24.4103,133.9094,145.9094,77.9835,44.0000,1,1,1,coolant_pump_failure;single_cell_thermal_runaway;temperature_sensor_bias
139.6,3.1325,-39.8608,0.0000,24.4101,134.0448,146.0448,78.1207,44.0000,1,1,1,coolant_pump_failure;single_cell_thermal_runaway;temperature_sensor_bias
139.7,3.1324,-39.8678,0.0000,24.4099,133.9152,145.9152,77.9887,44.0000,1,1,1,coolant_pump_failure;single_cell_thermal_runaway;temperature_sensor_bias
139.8,3.1322,-39.8749,0.0000,24.4096,134.1288,146.1288,77.9671,44.0000,1,1,1,coolant_pump_failure;single_cell_thermal_runaway;temperature_sensor_bias
139.9,3.1321,-39.8822,0.0000,24.4094,133.9509,145.9509,77.9776,44.0000,1,1,1,coolant_pump_failure;single_cell_thermal_runaway;temperature_sensor_bias
140.0,3.1320,-39.8896,0.0000,24.4092,133.9574,145.9574,77.9711,44.0000,1,1,1,coolant_pump_failure;single_cell_thermal_runaway;temperature_sensor_bias
140.1,3.1319,-39.8972,0.0000,24.4090,134.1430,146.1430,78.0387,44.0000,1,1,1,coolant_pump_failure;single_cell_thermal_runaway;temperature_sensor_bias
140.2,3.1318,-39.9048,0.0000,24.4087,134.0528,146.0528,77.9700,44.0000,1,1,1,coolant_pump_failure;single_cell_thermal_runaway;temperature_sensor_bias
140.3,3.1316,-39.9126,0.0000,24.4085,133.9424,145.9424,78.0127,44.0000,1,1,1,coolant_pump_failure;single_cell_thermal_runaway;temperature_sensor_bias
140.4,3.1315,-39.9204,0.0000,24.4083,133.9901,145.9901,77.9447,44.0000,1,1,1,coolant_pump_failure;single_cell_thermal_runaway;temperature_sensor_bias
140.5,3.1314,-39.9284,0.0000,24.4081,133.9686,145.9686,77.9769,44.0000,1,1,1,coolant_pump_failure;single_cell_thermal_runaway;temperature_sensor_bias
140.6,3.1313,-39.9364,0.0000,24.4079,133.9380,145.9380,77.9566,44.0000,1,1,1,coolant_pump_failure;single_cell_thermal_runaway;temperature_sensor_bias
140.7,3.1312,-39.9445,0.0000,24.4076,134.0270,146.0270,77.9828,44.0000,1,1,1,coolant_pump_failure;single_cell_thermal_runaway;temperature_sensor_bias
140.8,3.1310,-39.9526,0.0000,24.4074,134.0860,146.0860,78.0256,44.0000,1,1,1,coolant_pump_failure;single_cell_thermal_runaway;temperature_sensor_bias
140.9,3.1309,-39.9609,0.0000,24.4072,133.9547,145.9547,77.9275,44.0000,1,1,1,coolant_pump_failure;single_cell_thermal_runaway;temperature_sensor_bias
141.0,3.1308,-39.9691,0.0000,24.4070,133.9783,145.9783,77.9602,44.0000,1,1,1,coolant_pump_failure;single_cell_thermal_runaway;temperature_sensor_bias
141.1,3.1307,-39.9774,0.0000,24.4068,134.0571,146.0571,77.9310,44.0000,1,1,1,coolant_pump_failure;single_cell_thermal_runaway;temperature_sensor_bias
141.2,3.1306,-39.9857,0.0000,24.4065,134.0486,146.0486,78.0829,44.0000,1,1,1,coolant_pump_failure;single_cell_thermal_runaway;temperature_sensor_bias
141.3,3.1304,-39.9940,0.0000,24.4063,134.0115,146.0115,78.0419,44.0000,1,1,1,coolant_pump_failure;single_cell_thermal_runaway;temperature_sensor_bias
141.4,3.1303,-40.0024,0.0000,24.4061,133.9119,145.9119,78.0005,44.0000,1,1,1,coolant_pump_failure;single_cell_thermal_runaway;temperature_sensor_bias
141.5,3.1302,-40.0107,0.0000,24.4059,134.0535,146.0535,78.0437,44.0000,1,1,1,coolant_pump_failure;single_cell_thermal_runaway;temperature_sensor_bias
141.6,3.1301,-40.0190,0.0000,24.4057,133.9597,145.9597,78.0201,44.0000,1,1,1,coolant_pump_failure;single_cell_thermal_runaway;temperature_sensor_bias
141.7,3.1300,-40.0273,0.0000,24.4055,133.8196,145.8196,77.9850,44.0000,1,1,1,coolant_pump_failure;single_cell_thermal_runaway;temperature_sensor_bias
141.8,3.1298,-40.0356,0.0000,24.4053,134.0386,146.0386,77.9642,44.0000,1,1,1,coolant_pump_failure;single_cell_thermal_runaway;temperature_sensor_bias
141.9,3.1297,-40.0438,0.0000,24.4051,133.9478,145.9478,77.9758,44.0000,1,1,1,coolant_pump_failure;single_cell_thermal_runaway;temperature_sensor_bias
142.0,3.1296,-40.0520,0.0000,24.4049,133.9128,145.9128,77.9786,44.0000,1,1,1,coolant_pump_failure;single_cell_thermal_runaway;temperature_sensor_bias
142.1,3.1295,-40.0601,0.0000,24.4046,134.1079,146.1079,77.9869,44.0000,1,1,1,coolant_pump_failure;single_cell_thermal_runaway;temperature_sensor_bias
142.2,3.1294,-40.0682,0.0000,24.4044,133.9908,145.9908,78.0304,44.0000,1,1,1,coolant_pump_failure;single_cell_thermal_runaway;temperature_sensor_bias
142.3,3.1292,-40.0761,0.0000,24.4042,134.0061,146.0061,78.0057,44.0000,1,1,1,coolant_pump_failure;single_cell_thermal_runaway;temperature_sensor_bias
142.4,3.1291,-40.0840,0.0000,24.4040,134.0035,146.0035,78.0740,44.0000,1,1,1,coolant_pump_failure;single_cell_thermal_runaway;temperature_sensor_bias
142.5,3.1290,-40.0918,0.0000,24.4038,134.0296,146.0296,78.0491,44.0000,1,1,1,coolant_pump_failure;single_cell_thermal_runaway;temperature_sensor_bias
142.6,3.1289,-40.0995,0.0000,24.4036,134.0088,146.0088,77.9894,44.0000,1,1,1,coolant_pump_failure;single_cell_thermal_runaway;temperature_sensor_bias
142.7,3.1288,-40.1071,0.0000,24.4034,133.9912,145.9912,77.9263,44.0000,1,1,1,coolant_pump_failure;single_cell_thermal_runaway;temperature_sensor_bias
142.8,3.1286,-40.1146,0.0000,24.4032,134.0531,146.0531,78.0291,44.0000,1,1,1,coolant_pump_failure;single_cell_thermal_runaway;temperature_sensor_bias
142.9,3.1285,-40.1219,0.0000,24.4030,134.0382,146.0382,77.9905,44.0000,1,1,1,coolant_pump_failure;single_cell_thermal_runaway;temperature_sensor_bias
143.0,3.1284,-40.1291,0.0000,24.4028,134.0897,146.0897,77.9295,44.0000,1,1,1,coolant_pump_failure;single_cell_thermal_runaway;temperature_sensor_bias
143.1,3.1283,-40.1362,0.0000,24.4026,134.0809,146.0809,78.0412,44.0000,1,1,1,coolant_pump_failure;single_cell_thermal_runaway;temperature_sensor_bias
143.2,3.1282,-40.1431,0.0000,24.4024,133.9616,145.9616,77.9694,44.0000,1,1,1,coolant_pump_failure;single_cell_thermal_runaway;temperature_sensor_bias
143.3,3.1280,-40.1499,0.0000,24.4022,134.0159,146.0159,77.9639,44.0000,1,1,1,coolant_pump_failure;single_cell_thermal_runaway;temperature_sensor_bias
143.4,3.1279,-40.1564,0.0000,24.4020,134.0285,146.0285,77.9947,44.0000,1,1,1,coolant_pump_failure;single_cell_thermal_runaway;temperature_sensor_bias
143.5,3.1278,-40.1629,0.0000,24.4018,133.8133,145.8133,78.0349,44.0000,1,1,1,coolant_pump_failure;single_cell_thermal_runaway;temperature_sensor_bias
143.6,3.1277,-40.1691,0.0000,24.4016,133.9465,145.9465,77.9765,44.0000,1,1,1,coolant_pump_failure;single_cell_thermal_runaway;temperature_sensor_bias
143.7,3.1276,-40.1751,0.0000,24.4014,133.9433,145.9433,77.9674,44.0000,1,1,1,coolant_pump_failure;single_cell_thermal_runaway;temperature_sensor_bias
143.8,3.1274,-40.1810,0.0000,24.4012,134.0600,146.0600,77.9317,44.0000,1,1,1,coolant_pump_failure;single_cell_thermal_runaway;temperature_sensor_bias
143.9,3.1273,-40.1866,0.0000,24.4010,133.9556,145.9556,77.9516,44.0000,1,1,1,coolant_pump_failure;single_cell_thermal_runaway;temperature_sensor_bias
144.0,3.1272,-40.1921,0.0000,24.4008,133.8543,145.8543,78.0542,35.4048,1,1,1,coolant_pump_failure;single_cell_thermal_runaway;temperature_sensor_bias
144.1,3.1271,-40.1973,0.0000,24.4006,134.1386,134.1386,77.9281,44.0000,1,1,0,coolant_pump_failure;single_cell_thermal_runaway
144.2,3.1270,-40.2023,0.0000,24.4004,134.0034,134.0034,77.9719,44.0000,1,1,0,coolant_pump_failure;single_cell_thermal_runaway
144.3,3.1268,-40.2071,0.0000,24.4003,134.0521,134.0521,78.0818,44.0000,1,1,0,coolant_pump_failure;single_cell_thermal_runaway
144.4,3.1267,-40.2116,0.0000,24.4001,133.9471,133.9471,77.9850,44.0000,1,1,0,coolant_pump_failure;single_cell_thermal_runaway
144.5,3.1266,-40.2160,0.0000,24.3999,133.9088,133.9088,78.1229,44.0000,1,1,0,coolant_pump_failure;single_cell_thermal_runaway
144.6,3.1265,-40.2200,0.0000,24.3997,134.0551,134.0551,78.0025,44.0000,1,1,0,coolant_pump_failure;single_cell_thermal_runaway
144.7,3.1264,-40.2239,0.0000,24.3995,133.9801,133.9801,77.9568,44.0000,1,1,0,coolant_pump_failure;single_cell_thermal_runaway
144.8,3.1262,-40.2274,0.0000,24.3993,133.9514,133.9514,78.0186,44.0000,1,1,0,coolant_pump_failure;single_cell_thermal_runaway
144.9,3.1261,-40.2308,0.0000,24.3991,134.0425,134.0425,78.0085,44.0000,1,1,0,coolant_pump_failure;single_cell_thermal_runaway
145.0,3.1260,-40.2339,0.0000,24.3989,134.0076,134.0076,77.9167,44.0000,1,1,0,coolant_pump_failure;single_cell_thermal_runaway
145.1,3.1300,-40.2367,0.0000,24.3988,133.2870,133.2870,77.6260,43.8937,1,1,0,coolant_pump_failure;single_cell_thermal_runaway
145.2,3.1340,-40.2392,0.0000,24.3986,132.5279,132.5279,77.2902,43.7881,1,1,0,coolant_pump_failure;single_cell_thermal_runaway
145.3,3.1379,-40.2415,0.0000,24.3984,132.0812,132.0812,76.9783,43.6832,1,1,0,coolant_pump_failure;single_cell_thermal_runaway
145.4,3.1418,-40.2435,0.0000,24.3982,131.1582,131.1582,76.6833,43.5790,1,1,0,coolant_pump_failure;single_cell_thermal_runaway
145.5,3.1457,-40.2453,0.0000,24.3980,130.5681,130.5681,76.2143,43.4755,1,1,0,coolant_pump_failure;single_cell_thermal_runaway
145.6,3.1496,-40.2468,0.0000,24.3978,129.7949,129.7949,76.1500,43.3726,1,1,0,coolant_pump_failure;single_cell_thermal_runaway
145.7,3.1534,-40.2480,0.0000,24.3977,129.1951,129.1951,75.7076,43.2705,1,1,0,coolant_pump_failure;single_cell_thermal_runaway
145.8,3.1572,-40.2489,0.0000,24.3975,128.6303,128.6303,75.3694,43.1690,1,1,0,coolant_pump_failure;single_cell_thermal_runaway
145.9,3.1610,-40.2495,0.0000,24.3973,127.8987,127.8987,75.1581,43.0682,1,1,0,coolant_pump_failure;single_cell_thermal_runaway
146.0,3.1648,-40.2499,0.0000,24.3971,127.2057,127.2057,74.7921,42.9681,1,1,0,coolant_pump_failure;single_cell_thermal_runaway
146.1,3.1685,-40.2500,0.0000,24.3970,126.4815,126.4815,74.5273,42.8687,1,1,0,coolant_pump_failure;single_cell_thermal_runaway
146.2,3.1722,-40.2498,0.0000,24.3968,125.8529,125.8529,74.2172,42.7699,1,1,0,coolant_pump_failure;single_cell_thermal_runaway
146.3,3.1759,-40.2494,0.0000,24.3966,125.1323,125.1323,73.8282,42.6717,1,1,0,coolant_pump_failure;single_cell_thermal_runaway
146.4,3.1796,-40.2486,0.0000,24.3964,124.5022,124.5022,73.6379,42.5742,1,1,0,coolant_pump_failure;single_cell_thermal_runaway
146.5,3.1832,-40.2476,0.0000,24.3963,124.0731,124.0731,73.2209,42.4774,1,1,0,coolant_pump_failure;single_cell_thermal_runaway
146.6,3.1868,-40.2463,0.0000,24.3961,123.2934,123.2934,72.9714,42.3812,1,1,0,coolant_pump_failure;single_cell_thermal_runaway
146.7,3.1904,-40.2447,0.0000,24.3959,122.5775,122.5775,72.6888,42.2856,1,1,0,coolant_pump_failure;single_cell_thermal_runaway
146.8,3.1939,-40.2429,0.0000,24.3957,121.9416,121.9416,72.3624,42.1907,1,1,0,coolant_pump_failure;single_cell_thermal_runaway
146.9,3.1975,-40.2408,0.0000,24.3956,121.2804,121.2804,72.0921,42.0964,1,1,0,coolant_pump_failure;single_cell_thermal_runaway
147.0,3.2010,-40.2384,0.0000,24.3954,120.7310,120.7310,71.7925,42.0028,1,1,0,coolant_pump_failure;single_cell_thermal_runaway
147.1,3.2045,-40.2358,0.0000,24.3952,120.1080,120.1080,71.3816,41.9097,1,1,0,coolant_pump_failure;single_cell_thermal_runaway
147.2,3.2079,-40.2329,0.0000,24.3951,119.4795,119.4795,71.0687,41.8173,1,1,0,coolant_pump_failure;single_cell_thermal_runaway
147.3,3.2114,-40.2297,0.0000,24.3949,119.0716,119.0716,70.8156,41.7255,1,1,0,coolant_pump_failure;single_cell_thermal_runaway
147.4,3.2148,-40.2263,0.0000,24.3947,118.2589,118.2589,70.6294,41.6343,1,1,0,coolant_pump_failure;single_cell_thermal_runaway
147.5,3.2182,-40.2227,0.0000,24.3946,117.8801,117.8801,70.2556,41.5437,1,1,0,coolant_pump_failure;single_cell_thermal_runaway
147.6,3.2215,-40.2188,0.0000,24.3944,117.2014,117.2014,70.0161,41.4537,1,1,0,coolant_pump_failure;single_cell_thermal_runaway
147.7,3.2249,-40.2146,0.0000,24.3943,116.3671,116.3671,69.7850,41.3643,1,1,0,coolant_pump_failure;single_cell_thermal_runaway
147.8,3.2282,-40.2102,0.0000,24.3941,115.9804,115.9804,69.5588,41.2755,1,1,0,coolant_pump_failure;single_cell_thermal_runaway
147.9,3.2315,-40.2056,0.0000,24.3939,115.3588,115.3588,69.2245,41.1873,1,1,0,coolant_pump_failure;single_cell_thermal_runaway
148.0,3.2348,-40.2007,0.0000,24.3938,114.7501,114.7501,69.0635,41.0997,1,1,0,coolant_pump_failure;single_cell_thermal_runaway
148.1,3.2380,-40.1956,0.0000,24.3936,114.2615,114.2615,68.6317,41.0127,1,1,0,coolant_pump_failure;single_cell_thermal_runaway
148.2,3.2413,-40.1904,0.0000,24.3935,113.6742,113.6742,68.3986,40.9262,1,1,0,coolant_pump_failure;single_cell_thermal_runaway
148.3,3.2445,-40.1848,0.0000,24.3933,113.0283,113.0283,68.1402,40.8403,1,1,0,coolant_pump_failure;single_cell_thermal_runaway
148.4,3.2477,-40.1791,0.0000,24.3931,112.4317,112.4317,67.8237,40.7550,1,1,0,coolant_pump_failure;single_cell_thermal_runaway
148.5,3.2508,-40.1732,0.0000,24.3930,111.9651,111.9651,67.6000,40.6702,1,1,0,coolant_pump_failure;single_cell_thermal_runaway
148.6,3.2540,-40.1671,0.0000,24.3928,111.3950,111.3950,67.3559,40.5860,1,1,0,coolant_pump_failure;single_cell_thermal_runaway
148.7,3.2571,-40.1608,0.0000,24.3927,110.7693,110.7693,67.0741,40.5024,1,1,0,coolant_pump_failure;single_cell_thermal_runaway
148.8,3.2602,-40.1544,0.0000,24.3925,110.2698,110.2698,66.8797,40.4193,1,1,0,coolant_pump_failure;single_cell_thermal_runaway
148.9,3.2633,-40.1477,0.0000,24.3924,109.7726,109.7726,66.5920,40.3368,1,1,0,coolant_pump_failure;single_cell_thermal_runaway
149.0,3.2663,-40.1409,0.0000,24.3922,109.1402,109.1402,66.3427,40.2549,1,1,0,coolant_pump_failure;single_cell_thermal_runaway
149.1,3.2694,-40.1340,0.0000,24.3921,108.6279,108.6279,66.1678,40.1734,1,1,0,coolant_pump_failure;single_cell_thermal_runaway
149.2,3.2724,-40.1268,0.0000,24.3919,108.0435,108.0435,65.7633,40.0925,1,1,0,coolant_pump_failure;single_cell_thermal_runaway
149.3,3.2754,-40.1196,0.0000,24.3918,107.6725,107.6725,65.5646,40.0122,1,1,0,coolant_pump_failure;single_cell_thermal_runaway
149.4,3.2783,-40.1122,0.0000,24.3916,107.0725,107.0725,65.3414,39.9324,1,1,0,coolant_pump_failure;single_cell_thermal_runaway
149.5,3.2813,-40.1047,0.0000,24.3915,106.4792,106.4792,65.1349,39.8531,1,1,0,coolant_pump_failure;single_cell_thermal_runaway
149.6,3.2842,-40.0971,0.0000,24.3913,106.0164,106.0164,64.8620,39.7743,1,1,0,coolant_pump_failure;single_cell_thermal_runaway
149.7,3.2871,-40.0893,0.0000,24.3912,105.5047,105.5047,64.6142,39.6961,1,1,0,coolant_pump_failure;single_cell_thermal_runaway
149.8,3.2900,-40.0815,0.0000,24.3910,104.9744,104.9744,64.3138,39.6184,1,1,0,coolant_pump_failure;single_cell_thermal_runaway
149.9,3.2929,-40.0736,0.0000,24.3909,104.4986,104.4986,64.0931,39.5412,1,1,0,coolant_pump_failure;single_cell_thermal_runaway
150.0,3.2958,-40.0656,0.0000,24.3908,103.9245,103.9245,63.9336,39.4645,1,1,0,coolant_pump_failure;single_cell_thermal_runaway
150.1,3.2986,-40.0575,0.0000,24.3906,103.4093,103.4093,63.5667,39.3883,0,0,0,normal
150.2,3.3014,-40.0494,0.0000,24.3905,102.9305,102.9305,63.3600,39.3127,0,0,0,normal
150.3,3.3042,-40.0412,0.0000,24.3903,102.4806,102.4806,63.0115,39.2375,0,0,0,normal
150.4,3.3070,-40.0329,0.0000,24.3902,101.8762,101.8762,62.9140,39.1628,0,0,0,normal
150.5,3.3097,-40.0247,0.0000,24.3901,101.3929,101.3929,62.5550,39.0886,0,0,0,normal
150.6,3.3124,-40.0164,0.0000,24.3899,101.0305,101.0305,62.3895,39.0150,0,0,0,normal
150.7,3.3152,-40.0080,0.0000,24.3898,100.3520,100.3520,62.1638,38.9418,0,0,0,normal
150.8,3.3179,-39.9997,0.0000,24.3897,100.1350,100.1350,62.0929,38.8691,0,0,0,normal
150.9,3.3205,-39.9914,0.0000,24.3895,99.5029,99.5029,61.8582,38.7969,0,0,0,normal
151.0,3.3232,-39.9831,0.0000,24.3894,99.0257,99.0257,61.5485,38.7251,0,0,0,normal
151.1,3.3258,-39.9747,0.0000,24.3893,98.4799,98.4799,61.3907,38.6539,0,0,0,normal
151.2,3.3285,-39.9665,0.0000,24.3891,97.9722,97.9722,61.1452,38.5831,0,0,0,normal
151.3,3.3311,-39.9582,0.0000,24.3890,97.7622,97.7622,60.7531,38.5127,0,0,0,normal
151.4,3.3337,-39.9500,0.0000,24.3889,97.1616,97.1616,60.5789,38.4429,0,0,0,normal
151.5,3.3362,-39.9419,0.0000,24.3887,96.5768,96.5768,60.4387,38.3735,0,0,0,normal
151.6,3.3388,-39.9338,0.0000,24.3886,96.2081,96.2081,60.3150,38.3046,0,0,0,normal
151.7,3.3413,-39.9258,0.0000,24.3885,95.8455,95.8455,60.0371,38.2361,0,0,0,normal
151.8,3.3438,-39.9179,0.0000,24.3883,95.2872,95.2872,59.7368,38.1681,0,0,0,normal
151.9,3.3463,-39.9101,0.0000,24.3882,94.7770,94.7770,59.4640,38.1005,0,0,0,normal
152.0,3.3488,-39.9024,0.0000,24.3881,94.3929,94.3929,59.3090,38.0334,0,0,0,normal
152.1,3.3513,-39.8948,0.0000,24.3880,93.9055,93.9055,59.1419,37.9668,0,0,0,normal
152.2,3.3537,-39.8873,0.0000,24.3879,93.6224,93.6224,58.8548,37.9005,0,0,0,normal
152.3,3.3561,-39.8799,0.0000,24.3877,93.1242,93.1242,58.7754,37.8348,0,0,0,normal
152.4,3.3586,-39.8726,0.0000,24.3876,92.7103,92.7103,58.6646,37.7694,0,0,0,normal
152.5,3.3610,-39.8655,0.0000,24.3875,92.3386,92.3386,58.3098,37.7045,0,0,0,normal
152.6,3.3633,-39.8586,0.0000,24.3874,91.8915,91.8915,58.2056,37.6400,0,0,0,normal
152.7,3.3657,-39.8518,0.0000,24.3873,91.3696,91.3696,58.0146,37.5760,0,0,0,normal
152.8,3.3680,-39.8452,0.0000,24.3871,91.1089,91.1089,57.7077,37.5123,0,0,0,normal
152.9,3.3704,-39.8387,0.0000,24.3870,90.5923,90.5923,57.5536,37.4491,0,0,0,normal
153.0,3.3727,-39.8324,0.0000,24.3869,90.0843,90.0843,57.2760,37.3863,0,0,0,normal
153.1,3.3750,-39.8264,0.0000,24.3868,89.7314,89.7314,57.1120,37.3240,0,0,0,normal
153.2,3.3773,-39.8205,0.0000,24.3867,89.2791,89.2791,56.9972,37.2620,0,0,0,normal
153.3,3.3795,-39.8148,0.0000,24.3866,88.8717,88.8717,56.6990,37.2005,0,0,0,normal
153.4,3.3818,-39.8093,0.0000,24.3865,88.5161,88.5161,56.6805,37.1393,0,0,0,normal
153.5,3.3840,-39.8040,0.0000,24.3863,88.1090,88.1090,56.3958,37.0786,0,0,0,normal
153.6,3.3862,-39.7989,0.0000,24.3862,87.6569,87.6569,56.1712,37.0183,0,0,0,normal
153.7,3.3884,-39.7941,0.0000,24.3861,87.4118,87.4118,56.0312,36.9584,0,0,0,normal
153.8,3.3906,-39.7895,0.0000,24.3860,86.8554,86.8554,55.7902,36.8989,0,0,0,normal
153.9,3.3928,-39.7851,0.0000,24.3859,86.5712,86.5712,55.6909,36.8397,0,0,0,normal
154.0,3.3949,-39.7810,0.0000,24.3858,86.2263,86.2263,55.4725,36.7810,0,0,0,normal
154.1,3.3971,-39.7771,0.0000,24.3857,85.7282,85.7282,55.2005,36.7226,0,0,0,normal
154.2,3.3992,-39.7734,0.0000,24.3856,85.5099,85.5099,55.0322,36.6647,0,0,0,normal
154.3,3.4013,-39.7700,0.0000,24.3855,85.0234,85.0234,54.9048,36.6071,0,0,0,normal
154.4,3.4034,-39.7669,0.0000,24.3854,84.5523,84.5523,54.7187,36.5499,0,0,0,normal
154.5,3.4055,-39.7640,0.0000,24.3853,84.3779,84.3779,54.5174,36.4931,0,0,0,normal
154.6,3.4076,-39.7614,0.0000,24.3852,83.7991,83.7991,54.4261,36.4367,0,0,0,normal
154.7,3.4096,-39.7590,0.0000,24.3851,83.3692,83.3692,54.1107,36.3806,0,0,0,normal
154.8,3.4116,-39.7569,0.0000,24.3850,83.1146,83.1146,53.9347,36.3249,0,0,0,normal
154.9,3.4137,-39.7551,0.0000,24.3849,82.7709,82.7709,53.7853,36.2696,0,0,0,normal
155.0,3.4157,-39.7536,0.0000,24.3848,82.3178,82.3178,53.6829,36.2147,0,0,0,normal
155.1,3.4177,-39.7523,0.0000,24.3847,82.2126,82.2126,53.5046,36.1601,0,0,0,normal
155.2,3.4197,-39.7513,0.0000,24.3846,81.7489,81.7489,53.3227,36.1059,0,0,0,normal
155.3,3.4216,-39.7506,0.0000,24.3845,81.3275,81.3275,53.2014,36.0520,0,0,0,normal
155.4,3.4236,-39.7502,0.0000,24.3844,80.8459,80.8459,53.0128,35.9985,0,0,0,normal
155.5,3.4255,-39.7500,0.0000,24.3843,80.5853,80.5853,52.9107,35.9454,0,0,0,normal
155.6,3.4274,-39.7501,0.0000,24.3842,80.4498,80.4498,52.6871,35.8926,0,0,0,normal
155.7,3.4294,-39.7505,0.0000,24.3842,79.8849,79.8849,52.6213,35.8401,0,0,0,normal
155.8,3.4313,-39.7512,0.0000,24.3841,79.6730,79.6730,52.4238,35.7880,0,0,0,normal
155.9,3.4331,-39.7521,0.0000,24.3840,79.3023,79.3023,52.1398,35.7363,0,0,0,normal
156.0,3.4350,-39.7533,0.0000,24.3839,78.9273,78.9273,51.9941,35.6849,0,0,0,normal
156.1,3.4369,-39.7548,0.0000,24.3838,78.6577,78.6577,51.7971,35.6338,0,0,0,normal
156.2,3.4387,-39.7566,0.0000,24.3837,78.0733,78.0733,51.6840,35.5831,0,0,0,normal
156.3,3.4405,-39.7586,0.0000,24.3836,77.8882,77.8882,51.5413,35.5327,0,0,0,normal
156.4,3.4424,-39.7609,0.0000,24.3835,77.4816,77.4816,51.4043,35.4827,0,0,0,normal
156.5,3.4442,-39.7635,0.0000,24.3835,77.1942,77.1942,51.1714,35.4329,0,0,0,normal
156.6,3.4460,-39.7664,0.0000,24.3834,76.8083,76.8083,51.0567,35.3836,0,0,0,normal
156.7,3.4477,-39.7694,0.0000,24.3833,76.4848,76.4848,50.8750,35.3345,0,0,0,normal
156.8,3.4495,-39.7728,0.0000,24.3832,76.2009,76.2009,50.8027,35.2858,0,0,0,normal
156.9,3.4513,-39.7764,0.0000,24.3831,76.0697,76.0697,50.5912,35.2374,0,0,0,normal
157.0,3.4530,-39.7803,0.0000,24.3831,75.6374,75.6374,50.4632,35.1893,0,0,0,normal
157.1,3.4547,-39.7843,0.0000,24.3830,75.2594,75.2594,50.2409,35.1415,0,0,0,normal
157.2,3.4565,-39.7887,0.0000,24.3829,74.9947,74.9947,50.1353,35.0940,0,0,0,normal
157.3,3.4582,-39.7933,0.0000,24.3828,74.6899,74.6899,49.9397,35.0469,0,0,0,normal
157.4,3.4599,-39.7981,0.0000,24.3828,74.3295,74.3295,49.9047,35.0001,0,0,0,normal
157.5,3.4615,-39.8031,0.0000,24.3827,74.0911,74.0911,49.8228,34.9536,0,0,0,normal
157.6,3.4632,-39.8083,0.0000,24.3826,73.7914,73.7914,49.4975,34.9074,0,0,0,normal
157.7,3.4649,-39.8138,0.0000,24.3826,73.4567,73.4567,49.3773,34.8615,0,0,0,normal
157.8,3.4665,-39.8194,0.0000,24.3825,73.1238,73.1238,49.3096,34.8159,0,0,0,normal
157.9,3.4682,-39.8253,0.0000,24.3824,72.8329,72.8329,49.1234,34.7706,0,0,0,normal
158.0,3.4698,-39.8314,0.0000,24.3823,72.6773,72.6773,49.0242,34.7256,0,0,0,normal
158.1,3.4714,-39.8376,0.0000,24.3823,72.2688,72.2688,48.8741,34.6809,0,0,0,normal
158.2,3.4730,-39.8440,0.0000,24.3822,71.8618,71.8618,48.8343,34.6365,0,0,0,normal
158.3,3.4746,-39.8506,0.0000,24.3821,71.6404,71.6404,48.6033,34.5924,0,0,0,normal
158.4,3.4762,-39.8574,0.0000,24.3821,71.2880,71.2880,48.5476,34.5486,0,0,0,normal
158.5,3.4777,-39.8643,0.0000,24.3820,71.1980,71.1980,48.2417,34.5051,0,0,0,normal
158.6,3.4793,-39.8714,0.0000,24.3820,70.8839,70.8839,48.1441,34.4619,0,0,0,normal
158.7,3.4808,-39.8786,0.0000,24.3819,70.3674,70.3674,48.1021,34.4190,0,0,0,normal
158.8,3.4824,-39.8859,0.0000,24.3818,70.2646,70.2646,47.7921,34.3763,0,0,0,normal
158.9,3.4839,-39.8934,0.0000,24.3818,70.0003,70.0003,47.8080,34.3339,0,0,0,normal
159.0,3.4854,-39.9010,0.0000,24.3817,69.6879,69.6879,47.7349,34.2919,0,0,0,normal
159.1,3.4869,-39.9087,0.0000,24.3817,69.3378,69.3378,47.4895,34.2500,0,0,0,normal
159.2,3.4884,-39.9165,0.0000,24.3816,69.2341,69.2341,47.3893,34.2085,0,0,0,normal
159.3,3.4899,-39.9244,0.0000,24.3816,68.9242,68.9242,47.3635,34.1673,0,0,0,normal
159.4,3.4913,-39.9324,0.0000,24.3815,68.6396,68.6396,47.1791,34.1263,0,0,0,normal
159.5,3.4928,-39.9405,0.0000,24.3814,68.3202,68.3202,47.0586,34.0856,0,0,0,normal
159.6,3.4942,-39.9486,0.0000,24.3814,68.0988,68.0988,46.8446,34.0451,0,0,0,normal
159.7,3.4957,-39.9568,0.0000,24.3813,67.6966,67.6966,46.7551,34.0050,0,0,0,normal
159.8,3.4971,-39.9650,0.0000,24.3813,67.4347,67.4347,46.5541,33.9651,0,0,0,normal
159.9,3.4985,-39.9733,0.0000,24.3812,67.2937,67.2937,46.4095,33.9254,0,0,0,normal
160.0,3.4999,-39.9816,0.0000,24.3812,67.1896,67.1896,46.4800,33.8861,0,0,0,normal
160.1,3.5013,-39.9899,0.0000,24.3811,66.8508,66.8508,46.2454,33.8470,0,0,0,normal
160.2,3.5027,-39.9982,0.0000,24.3811,66.5002,66.5002,46.3058,33.8081,0,0,0,normal
160.3,3.5041,-40.0066,0.0000,24.3811,66.2556,66.2556,46.0414,33.7695,0,0,0,normal
160.4,3.5054,-40.0149,0.0000,24.3810,66.0118,66.0118,45.9961,33.7312,0,0,0,normal
160.5,3.5068,-40.0232,0.0000,24.3810,65.6370,65.6370,45.7696,33.6931,0,0,0,normal
160.6,3.5081,-40.0315,0.0000,24.3809,65.5512,65.5512,45.6276,33.6553,0,0,0,normal
160.7,3.5095,-40.0397,0.0000,24.3809,65.0439,65.0439,45.5292,33.6177,0,0,0,normal
160.8,3.5108,-40.0479,0.0000,24.3808,64.9438,64.9438,45.4531,33.5804,0,0,0,normal
160.9,3.5121,-40.0561,0.0000,24.3808,64.6816,64.6816,45.3528,33.5433,0,0,0,normal
161.0,3.5134,-40.0642,0.0000,24.3808,64.5968,64.5968,45.2733,33.5065,0,0,0,normal
161.1,3.5147,-40.0722,0.0000,24.3807,64.1592,64.1592,45.1234,33.4699,0,0,0,normal
161.2,3.5160,-40.0801,0.0000,24.3807,64.1564,64.1564,44.8846,33.4335,0,0,0,normal
161.3,3.5173,-40.0880,0.0000,24.3806,63.7364,63.7364,44.8320,33.3974,0,0,0,normal
161.4,3.5186,-40.0957,0.0000,24.3806,63.5315,63.5315,44.7796,33.3616,0,0,0,normal
161.5,3.5198,-40.1034,0.0000,24.3806,63.2065,63.2065,44.6423,33.3259,0,0,0,normal
161.6,3.5211,-40.1109,0.0000,24.3805,63.2165,63.2165,44.5767,33.2905,0,0,0,normal
161.7,3.5223,-40.1183,0.0000,24.3805,62.8872,62.8872,44.3909,33.2554,0,0,0,normal
161.8,3.5235,-40.1256,0.0000,24.3805,62.5103,62.5103,44.4205,33.2205,0,0,0,normal
161.9,3.5248,-40.1327,0.0000,24.3805,62.4240,62.4240,44.2509,33.1858,0,0,0,normal
162.0,3.5260,-40.1397,0.0000,24.3804,62.1108,62.1108,44.0934,33.1513,0,0,0,normal
162.1,3.5272,-40.1465,0.0000,24.3804,61.8609,61.8609,43.9762,33.1171,0,0,0,normal
162.2,3.5284,-40.1532,0.0000,24.3804,61.5101,61.5101,43.8188,33.0831,0,0,0,normal
162.3,3.5296,-40.1597,0.0000,24.3803,61.5241,61.5241,43.7146,33.0493,0,0,0,normal
162.4,3.5308,-40.1660,0.0000,24.3803,61.3041,61.3041,43.7216,33.0158,0,0,0,normal
162.5,3.5319,-40.1722,0.0000,24.3803,60.8822,60.8822,43.6413,32.9825,0,0,0,normal
162.6,3.5331,-40.1781,0.0000,24.3803,60.7700,60.7700,43.4053,32.9493,0,0,0,normal
162.7,3.5342,-40.1839,0.0000,24.3802,60.5257,60.5257,43.4447,32.9165,0,0,0,normal
162.8,3.5354,-40.1894,0.0000,24.3802,60.3769,60.3769,43.3255,32.8838,0,0,0,normal
162.9,3.5365,-40.1947,0.0000,24.3802,60.1865,60.1865,43.0670,32.8513,0,0,0,normal
163.0,3.5377,-40.1998,0.0000,24.3802,59.8582,59.8582,43.0454,32.8191,0,0,0,normal
163.1,3.5388,-40.2047,0.0000,24.3802,59.7209,59.7209,42.9247,32.7871,0,0,0,normal
163.2,3.5399,-40.2094,0.0000,24.3801,59.5515,59.5515,42.8648,32.7553,0,0,0,normal
163.3,3.5410,-40.2138,0.0000,24.3801,59.2768,59.2768,42.8053,32.7237,0,0,0,normal
163.4,3.5421,-40.2180,0.0000,24.3801,59.0435,59.0435,42.6141,32.6923,0,0,0,normal
163.5,3.5432,-40.2220,0.0000,24.3801,58.8266,58.8266,42.5648,32.6611,0,0,0,normal
163.6,3.5443,-40.2257,0.0000,24.3801,58.6230,58.6230,42.5291,32.6301,0,0,0,normal
163.7,3.5453,-40.2292,0.0000,24.3801,58.3107,58.3107,42.3571,32.5994,0,0,0,normal
163.8,3.5464,-40.2324,0.0000,24.3801,58.2019,58.2019,42.2694,32.5688,0,0,0,normal
163.9,3.5475,-40.2353,0.0000,24.3801,58.0660,58.0660,42.2739,32.5385,0,0,0,normal
164.0,3.5485,-40.2380,0.0000,24.3800,57.8658,57.8658,42.1228,32.5083,0,0,0,normal
164.1,3.5495,-40.2404,0.0000,24.3800,57.7275,57.7275,42.0214,32.4784,0,0,0,normal
164.2,3.5506,-40.2426,0.0000,24.3800,57.5569,57.5569,41.8153,32.4486,0,0,0,normal
164.3,3.5516,-40.2444,0.0000,24.3800,57.3237,57.3237,41.8652,32.4190,0,0,0,normal
164.4,3.5526,-40.2461,0.0000,24.3800,57.0001,57.0001,41.7092,32.3897,0,0,0,normal
164.5,3.5536,-40.2474,0.0000,24.3800,56.7865,56.7865,41.5635,32.3605,0,0,0,normal
164.6,3.5546,-40.2485,0.0000,24.3800,56.7037,56.7037,41.5648,32.3315,0,0,0,normal
164.7,3.5556,-40.2492,0.0000,24.3800,56.3557,56.3557,41.4170,32.3028,0,0,0,normal
164.8,3.5566,-40.2498,0.0000,24.3800,56.3240,56.3240,41.2851,32.2742,0,0,0,normal
164.9,3.5576,-40.2500,0.0000,24.3800,56.2603,56.2603,41.2139,32.2458,0,0,0,normal
165.0,3.5586,-40.2499,0.0000,24.3800,55.9187,55.9187,41.1122,32.2176,0,0,0,normal
165.1,3.5595,-40.2496,0.0000,24.3800,55.7115,55.7115,41.0894,32.1895,0,0,0,normal
165.2,3.5605,-40.2490,0.0000,24.3800,55.4778,55.4778,40.9574,32.1617,0,0,0,normal
165.3,3.5614,-40.2481,0.0000,24.3800,55.3320,55.3320,40.9775,32.1340,0,0,0,normal
165.4,3.5624,-40.2470,0.0000,24.3800,55.2424,55.2424,40.8823,32.1066,0,0,0,normal
165.5,3.5633,-40.2456,0.0000,24.3800,55.0492,55.0492,40.7284,32.0793,0,0,0,normal
165.6,3.5643,-40.2439,0.0000,24.3800,54.8110,54.8110,40.6383,32.0522,0,0,0,normal
165.7,3.5652,-40.2419,0.0000,24.3800,54.6830,54.6830,40.5991,32.0253,0,0,0,normal
165.8,3.5661,-40.2396,0.0000,24.3800,54.4131,54.4131,40.4280,31.9985,0,0,0,normal
165.9,3.5670,-40.2371,0.0000,24.3800,54.3142,54.3142,40.4566,31.9719,0,0,0,normal
166.0,3.5679,-40.2344,0.0000,24.3801,54.1125,54.1125,40.3901,31.9456,0,0,0,normal
166.1,3.5688,-40.2313,0.0000,24.3801,54.0980,54.0980,40.1080,31.9193,0,0,0,normal
166.2,3.5697,-40.2281,0.0000,24.3801,53.7276,53.7276,40.1738,31.8933,0,0,0,normal
166.3,3.5706,-40.2245,0.0000,24.3801,53.6156,53.6156,40.1736,31.8674,0,0,0,normal
166.4,3.5715,-40.2207,0.0000,24.3801,53.5133,53.5133,40.1126,31.8417,0,0,0,normal
166.5,3.5723,-40.2167,0.0000,24.3801,53.3330,53.3330,39.8512,31.8162,0,0,0,normal
166.6,3.5732,-40.2124,0.0000,24.3801,53.1355,53.1355,39.8526,31.7908,0,0,0,normal
166.7,3.5740,-40.2079,0.0000,24.3802,53.0737,53.0737,39.7384,31.7657,0,0,0,normal
166.8,3.5749,-40.2032,0.0000,24.3802,52.8780,52.8780,39.6769,31.7406,0,0,0,normal
166.9,3.5757,-40.1982,0.0000,24.3802,52.5106,52.5106,39.5665,31.7158,0,0,0,normal
167.0,3.5766,-40.1930,0.0000,24.3802,52.4538,52.4538,39.4524,31.6911,0,0,0,normal
167.1,3.5774,-40.1876,0.0000,24.3802,52.2314,52.2314,39.5322,31.6666,0,0,0,normal
167.2,3.5782,-40.1820,0.0000,24.3803,52.1769,52.1769,39.4250,31.6422,0,0,0,normal
167.3,3.5790,-40.1762,0.0000,24.3803,51.9290,51.9290,39.2090,31.6180,0,0,0,normal
167.4,3.5799,-40.1702,0.0000,24.3803,51.8103,51.8103,39.2414,31.5940,0,0,0,normal
167.5,3.5807,-40.1640,0.0000,24.3803,51.7246,51.7246,39.2456,31.5701,0,0,0,normal
167.6,3.5815,-40.1576,0.0000,24.3803,51.4291,51.4291,39.1573,31.5464,0,0,0,normal
167.7,3.5823,-40.1510,0.0000,24.3804,51.3721,51.3721,38.9821,31.5228,0,0,0,normal
167.8,3.5830,-40.1443,0.0000,24.3804,51.2407,51.2407,38.8322,31.4994,0,0,0,normal
167.9,3.5838,-40.1374,0.0000,24.3804,51.0852,51.0852,38.8462,31.4761,0,0,0,normal
168.0,3.5846,-40.1304,0.0000,24.3805,50.7934,50.7934,38.8037,31.4530,0,0,0,normal
168.1,3.5854,-40.1232,0.0000,24.3805,50.8368,50.8368,38.6481,31.4301,0,0,0,normal
168.2,3.5861,-40.1159,0.0000,24.3805,50.6278,50.6278,38.6480,31.4073,0,0,0,normal
168.3,3.5869,-40.1084,0.0000,24.3806,50.4235,50.4235,38.5534,31.3847,0,0,0,normal
168.4,3.5876,-40.1009,0.0000,24.3806,50.2828,50.2828,38.6052,31.3622,0,0,0,normal
168.5,3.5884,-40.0932,0.0000,24.3806,50.1793,50.1793,38.3242,31.3398,0,0,0,normal
168.6,3.5891,-40.0854,0.0000,24.3807,49.9272,49.9272,38.3680,31.3176,0,0,0,normal
168.7,3.5899,-40.0775,0.0000,24.3807,49.9061,49.9061,38.2655,31.2956,0,0,0,normal
168.8,3.5906,-40.0696,0.0000,24.3807,49.6689,49.6689,38.3469,31.2737,0,0,0,normal
168.9,3.5913,-40.0615,0.0000,24.3808,49.6516,49.6516,38.0742,31.2520,0,0,0,normal
169.0,3.5920,-40.0534,0.0000,24.3808,49.2846,49.2846,38.0515,31.2303,0,0,0,normal
169.1,3.5927,-40.0452,0.0000,24.3808,49.3423,49.3423,38.0754,31.2089,0,0,0,normal
169.2,3.5934,-40.0370,0.0000,24.3809,49.0421,49.0421,38.0331,31.1876,0,0,0,normal
169.3,3.5941,-40.0288,0.0000,24.3809,49.0899,49.0899,37.8509,31.1664,0,0,0,normal
169.4,3.5948,-40.0205,0.0000,24.3810,48.8308,48.8308,37.8293,31.1453,0,0,0,normal
169.5,3.5955,-40.0122,0.0000,24.3810,48.6157,48.6157,37.7797,31.1244,0,0,0,normal
169.6,3.5962,-40.0038,0.0000,24.3811,48.4887,48.4887,37.7157,31.1037,0,0,0,normal
169.7,3.5969,-39.9955,0.0000,24.3811,48.5017,48.5017,37.6137,31.0831,0,0,0,normal
169.8,3.5976,-39.9872,0.0000,24.3812,48.1699,48.1699,37.6312,31.0626,0,0,0,normal
169.9,3.5982,-39.9789,0.0000,24.3812,48.1905,48.1905,37.5011,31.0422,0,0,0,normal
170.0,3.5989,-39.9706,0.0000,24.3813,47.9951,47.9951,37.4771,31.0220,0,0,0,normal
170.1,3.5996,-39.9623,0.0000,24.3813,48.0290,48.0290,37.3189,31.0019,0,0,0,normal
170.2,3.6002,-39.9541,0.0000,24.3814,47.7422,47.7422,37.3162,30.9820,0,0,0,normal
170.3,3.6009,-39.9459,0.0000,24.3814,47.4759,47.4759,37.2620,30.9622,0,0,0,normal
170.4,3.6015,-39.9378,0.0000,24.3815,47.5199,47.5199,37.2304,30.9425,0,0,0,normal
170.5,3.6021,-39.9298,0.0000,24.3815,47.4991,47.4991,37.0931,30.9229,0,0,0,normal
170.6,3.6028,-39.9218,0.0000,24.3816,47.1118,47.1118,37.0659,30.9035,0,0,0,normal
170.7,3.6034,-39.9140,0.0000,24.3816,47.0478,47.0478,36.9575,30.8842,0,0,0,normal
170.8,3.6040,-39.9062,0.0000,24.3817,46.8645,46.8645,36.9391,30.8651,0,0,0,normal
170.9,3.6046,-39.8985,0.0000,24.3817,46.9512,46.9512,36.8446,30.8460,0,0,0,normal
171.0,3.6052,-39.8910,0.0000,24.3818,46.8851,46.8851,36.8471,30.8271,0,0,0,normal
171.1,3.6059,-39.8835,0.0000,24.3819,46.5392,46.5392,36.8681,30.8083,0,0,0,normal
171.2,3.6065,-39.8762,0.0000,24.3819,46.3851,46.3851,36.7129,30.7897,0,0,0,normal
171.3,3.6071,-39.8690,0.0000,24.3820,46.4153,46.4153,36.5848,30.7711,0,0,0,normal
171.4,3.6077,-39.8620,0.0000,24.3820,46.3396,46.3396,36.5213,30.7527,0,0,0,normal
171.5,3.6082,-39.8551,0.0000,24.3821,46.1321,46.1321,36.5969,30.7344,0,0,0,normal
171.6,3.6088,-39.8484,0.0000,24.3822,45.9676,45.9676,36.3561,30.7163,0,0,0,normal
171.7,3.6094,-39.8419,0.0000,24.3822,45.7739,45.7739,36.4717,30.6982,0,0,0,normal
171.8,3.6100,-39.8355,0.0000,24.3823,45.7479,45.7479,36.3921,30.6803,0,0,0,normal
171.9,3.6105,-39.8293,0.0000,24.3824,45.6886,45.6886,36.2911,30.6625,0,0,0,normal
172.0,3.6111,-39.8234,0.0000,24.3824,45.4053,45.4053,36.3219,30.6448,0,0,0,normal
172.1,3.6117,-39.8176,0.0000,24.3825,45.4237,45.4237,36.2756,30.6272,0,0,0,normal
172.2,3.6122,-39.8120,0.0000,24.3826,45.2024,45.2024,36.1690,30.6098,0,0,0,normal
172.3,3.6128,-39.8066,0.0000,24.3826,45.1834,45.1834,36.1885,30.5924,0,0,0,normal
172.4,3.6133,-39.8014,0.0000,24.3827,44.9661,44.9661,36.0805,30.5752,0,0,0,normal
172.5,3.6139,-39.7965,0.0000,24.3828,44.9572,44.9572,36.0331,30.5581,0,0,0,normal
172.6,3.6144,-39.7917,0.0000,24.3829,44.6289,44.6289,35.9564,30.5411,0,0,0,normal
172.7,3.6149,-39.7872,0.0000,24.3829,44.6156,44.6156,35.8110,30.5242,0,0,0,normal
172.8,3.6155,-39.7830,0.0000,24.3830,44.7978,44.7978,35.7952,30.5074,0,0,0,normal
172.9,3.6160,-39.7790,0.0000,24.3831,44.6500,44.6500,35.8768,30.4908,0,0,0,normal
173.0,3.6165,-39.7752,0.0000,24.3832,44.2885,44.2885,35.7676,30.4742,0,0,0,normal
173.1,3.6170,-39.7717,0.0000,24.3833,44.0378,44.0378,35.7187,30.4578,0,0,0,normal
173.2,3.6176,-39.7684,0.0000,24.3833,44.1500,44.1500,35.6018,30.4414,0,0,0,normal
173.3,3.6181,-39.7654,0.0000,24.3834,44.0451,44.0451,35.5359,30.4252,0,0,0,normal
173.4,3.6186,-39.7626,0.0000,24.3835,43.9955,43.9955,35.4830,30.4091,0,0,0,normal
173.5,3.6191,-39.7602,0.0000,24.3836,43.8313,43.8313,35.5294,30.3931,0,0,0,normal
173.6,3.6196,-39.7579,0.0000,24.3837,43.8585,43.8585,35.4553,30.3772,0,0,0,normal
173.7,3.6201,-39.7560,0.0000,24.3837,43.4867,43.4867,35.3825,30.3614,0,0,0,normal
173.8,3.6205,-39.7543,0.0000,24.3838,43.5119,43.5119,35.3511,30.3457,0,0,0,normal
173.9,3.6210,-39.7529,0.0000,24.3839,43.4222,43.4222,35.1930,30.3301,0,0,0,normal
174.0,3.6215,-39.7518,0.0000,24.3840,43.4344,43.4344,35.1756,30.3146,0,0,0,normal
174.1,3.6220,-39.7509,0.0000,24.3841,43.2130,43.2130,35.2562,30.2993,0,0,0,normal
174.2,3.6225,-39.7503,0.0000,24.3842,43.0349,43.0349,35.1565,30.2840,0,0,0,normal
174.3,3.6229,-39.7500,0.0000,24.3843,42.9526,42.9526,35.0954,30.2688,0,0,0,normal
174.4,3.6234,-39.7500,0.0000,24.3844,42.8461,42.8461,35.0976,30.2537,0,0,0,normal
174.5,3.6238,-39.7503,0.0000,24.3845,43.0172,43.0172,34.9851,30.2388,0,0,0,normal
174.6,3.6243,-39.7508,0.0000,24.3845,42.7442,42.7442,35.0255,30.2239,0,0,0,normal
174.7,3.6248,-39.7516,0.0000,24.3846,42.6383,42.6383,34.8764,30.2091,0,0,0,normal
174.8,3.6252,-39.7527,0.0000,24.3847,42.5665,42.5665,34.8685,30.1944,0,0,0,normal
174.9,3.6257,-39.7541,0.0000,24.3848,42.3305,42.3305,34.8042,30.1798,0,0,0,normal
175.0,3.6261,-39.7557,0.0000,24.3849,42.3721,42.3721,34.7984,30.1654,0,0,0,normal
175.1,3.6265,-39.7576,0.0000,24.3850,42.3113,42.3113,34.7030,30.1510,0,0,0,normal
175.2,3.6270,-39.7598,0.0000,24.3851,42.1710,42.1710,34.6836,30.1367,0,0,0,normal
175.3,3.6274,-39.7622,0.0000,24.3852,42.0530,42.0530,34.6565,30.1225,0,0,0,normal
175.4,3.6278,-39.7649,0.0000,24.3853,41.9712,41.9712,34.6747,30.1084,0,0,0,normal
175.5,3.6282,-39.7679,0.0000,24.3854,41.9762,41.9762,34.4888,30.0944,0,0,0,normal
175.6,3.6287,-39.7711,0.0000,24.3855,41.6775,41.6775,34.4824,30.0805,0,0,0,normal
175.7,3.6291,-39.7746,0.0000,24.3856,41.7366,41.7366,34.5434,30.0666,0,0,0,normal
175.8,3.6295,-39.7783,0.0000,24.3857,41.5231,41.5231,34.4075,30.0529,0,0,0,normal
175.9,3.6299,-39.7823,0.0000,24.3858,41.4299,41.4299,34.3329,30.0393,0,0,0,normal
176.0,3.6303,-39.7865,0.0000,24.3859,41.5337,41.5337,34.3625,30.0257,0,0,0,normal
176.1,3.6307,-39.7910,0.0000,24.3861,41.3000,41.3000,34.2815,30.0123,0,0,0,normal
176.2,3.6311,-39.7956,0.0000,24.3862,41.3238,41.3238,34.2876,29.9989,0,0,0,normal
176.3,3.6315,-39.8006,0.0000,24.3863,41.2509,41.2509,34.1044,29.9856,0,0,0,normal
176.4,3.6319,-39.8057,0.0000,24.3864,40.9707,40.9707,34.0559,29.9724,0,0,0,normal
176.5,3.6323,-39.8110,0.0000,24.3865,40.9844,40.9844,34.0765,29.9593,0,0,0,normal
176.6,3.6327,-39.8166,0.0000,24.3866,40.8415,40.8415,34.0731,29.9463,0,0,0,normal
176.7,3.6330,-39.8224,0.0000,24.3867,40.7072,40.7072,33.9467,29.9334,0,0,0,normal
176.8,3.6334,-39.8283,0.0000,24.3868,40.9157,40.9157,34.0068,29.9205,0,0,0,normal
176.9,3.6338,-39.8345,0.0000,24.3869,40.7449,40.7449,34.0470,29.9077,0,0,0,normal
177.0,3.6342,-39.8408,0.0000,24.3871,40.4879,40.4879,33.9128,29.8951,0,0,0,normal
177.1,3.6345,-39.8473,0.0000,24.3872,40.3604,40.3604,33.8709,29.8825,0,0,0,normal
177.2,3.6349,-39.8540,0.0000,24.3873,40.3569,40.3569,33.9023,29.8700,0,0,0,normal
177.3,3.6353,-39.8609,0.0000,24.3874,40.3478,40.3478,33.7752,29.8575,0,0,0,normal
177.4,3.6356,-39.8679,0.0000,24.3875,40.1720,40.1720,33.7440,29.8452,0,0,0,normal
177.5,3.6360,-39.8750,0.0000,24.3877,40.1107,40.1107,33.6925,29.8329,0,0,0,normal
177.6,3.6363,-39.8823,0.0000,24.3878,40.1197,40.1197,33.7210,29.8208,0,0,0,normal
177.7,3.6367,-39.8897,0.0000,24.3879,39.9329,39.9329,33.6749,29.8087,0,0,0,normal
177.8,3.6370,-39.8972,0.0000,24.3880,40.0237,40.0237,33.5922,29.7966,0,0,0,normal
177.9,3.6374,-39.9049,0.0000,24.3881,39.8080,39.8080,33.5814,29.7847,0,0,0,normal
178.0,3.6377,-39.9127,0.0000,24.3883,39.7307,39.7307,33.5290,29.7729,0,0,0,normal
178.1,3.6380,-39.9205,0.0000,24.3884,39.7372,39.7372,33.4879,29.7611,0,0,0,normal
178.2,3.6384,-39.9284,0.0000,24.3885,39.5313,39.5313,33.4559,29.7494,0,0,0,normal
178.3,3.6387,-39.9365,0.0000,24.3886,39.6286,39.6286,33.5007,29.7377,0,0,0,normal
178.4,3.6390,-39.9446,0.0000,24.3888,39.4366,39.4366,33.4235,29.7262,0,0,0,normal
178.5,3.6394,-39.9527,0.0000,24.3889,39.5202,39.5202,33.2937,29.7147,0,0,0,normal
178.6,3.6397,-39.9609,0.0000,24.3890,39.2727,39.2727,33.3778,29.7033,0,0,0,normal
178.7,3.6400,-39.9692,0.0000,24.3892,39.2432,39.2432,33.2284,29.6920,0,0,0,normal
178.8,3.6403,-39.9775,0.0000,24.3893,39.1554,39.1554,33.3507,29.6808,0,0,0,normal
178.9,3.6406,-39.9858,0.0000,24.3894,38.9991,38.9991,33.3350,29.6696,0,0,0,normal
179.0,3.6409,-39.9941,0.0000,24.3896,39.0778,39.0778,33.2108,29.6585,0,0,0,normal
179.1,3.6412,-40.0024,0.0000,24.3897,38.8891,38.8891,33.1486,29.6475,0,0,0,normal
179.2,3.6415,-40.0108,0.0000,24.3898,38.8194,38.8194,33.0288,29.6365,0,0,0,normal
179.3,3.6418,-40.0191,0.0000,24.3900,38.7815,38.7815,33.1656,29.6257,0,0,0,normal
179.4,3.6421,-40.0274,0.0000,24.3901,38.8389,38.8389,33.0767,29.6149,0,0,0,normal
179.5,3.6424,-40.0356,0.0000,24.3902,38.6346,38.6346,33.0714,29.6041,0,0,0,normal
179.6,3.6427,-40.0439,0.0000,24.3904,38.6943,38.6943,32.9574,29.5935,0,0,0,normal
179.7,3.6430,-40.0521,0.0000,24.3905,38.4960,38.4960,32.9593,29.5829,0,0,0,normal
179.8,3.6433,-40.0602,0.0000,24.3907,38.4290,38.4290,32.8915,29.5724,0,0,0,normal
179.9,3.6436,-40.0682,0.0000,24.3908,38.4826,38.4826,32.9469,29.5619,0,0,0,normal
180.0,3.6439,-40.0762,0.0000,24.3909,38.2662,38.2662,32.8699,29.5516,0,0,0,normal
